stage,task,algorithm,seed,fe
dev,tour_dev,nsga2_typed,74101,512
dev,rgv_dev,pool4,74102,512
dev,job_dev,refit32,74103,512
dev,tour_dev,fast_h0,74103,512
dev,tour_dev,pool4,74102,512
dev,rgv_dev,fast_h0,74102,512
dev,tour_dev,refit32,74103,512
dev,job_dev,local24,74103,512
dev,tour_dev,nsga2_typed,74103,512
dev,rgv_g1,local48,74104,512
dev,rgv_g1,bounded24,74101,512
dev,job_dev,refit32,74102,512
dev,tour_dev,pool4,74104,512
dev,job_dev,bounded24,74104,512
dev,job_dev,refit32,74101,512
dev,rgv_g1,pool4,74104,512
dev,tour_dev,fast_v10,74101,512
dev,tour_dev,local_all,74103,512
dev,rgv_dev,bounded24,74103,512
dev,rgv_dev,fast_v10,74103,512
dev,job_dev,local_all,74103,512
dev,rgv_g1,nsga2_typed,74102,512
dev,tour_dev,local24_refit32,74103,512
dev,tour_dev,refit32,74101,512
dev,job_dev,fast_v10,74101,512
dev,rgv_dev,fast_h0,74101,512
dev,rgv_g1,fast_h0,74102,512
dev,tour_dev,local24,74102,512
dev,rgv_g1,fast_v10,74104,512
dev,rgv_g1,fast_v10,74102,512
dev,rgv_dev,local24_refit32,74101,512
dev,job_dev,local24,74104,512
dev,job_dev,bounded24,74101,512
dev,tour_dev,bounded24,74102,512
dev,job_dev,local24_refit32,74103,512
dev,job_dev,nsga2_typed,74101,512
dev,job_dev,pool4,74103,512
dev,rgv_dev,bounded24,74101,512
dev,tour_dev,refit32,74104,512
dev,job_dev,local24_refit32,74102,512
dev,job_dev,local48,74103,512
dev,tour_dev,local48,74104,512
dev,rgv_g1,local24,74104,512
dev,rgv_dev,refit32,74103,512
dev,job_dev,fast_v10,74104,512
dev,tour_dev,local24,74103,512
dev,job_dev,fast_h0,74104,512
dev,rgv_g1,fast_v10,74103,512
dev,tour_dev,fast_v10,74103,512
dev,rgv_dev,local_all,74101,512
dev,rgv_dev,refit32,74102,512
dev,rgv_g1,bounded24,74103,512
dev,rgv_dev,local24_refit32,74103,512
dev,rgv_dev,local48,74103,512
dev,job_dev,fast_h0,74102,512
dev,tour_dev,refit32,74102,512
dev,job_dev,fast_v10,74103,512
dev,job_dev,fast_v10,74102,512
dev,rgv_g1,local24_refit32,74103,512
dev,job_dev,bounded24,74102,512
dev,rgv_g1,bounded24,74104,512
dev,rgv_dev,local24_refit32,74102,512
dev,rgv_dev,refit32,74101,512
dev,rgv_dev,fast_h0,74104,512
dev,rgv_g1,refit32,74104,512
dev,rgv_g1,pool4,74103,512
dev,tour_dev,fast_h0,74104,512
dev,rgv_g1,local_all,74103,512
dev,rgv_g1,bounded24,74102,512
dev,rgv_dev,local24,74103,512
dev,rgv_dev,local24_refit32,74104,512
dev,rgv_dev,local48,74101,512
dev,rgv_dev,local_all,74103,512
dev,tour_dev,local24_refit32,74102,512
dev,tour_dev,local48,74103,512
dev,job_dev,pool4,74102,512
dev,job_dev,local_all,74104,512
dev,job_dev,nsga2_typed,74104,512
dev,tour_dev,local24,74104,512
dev,job_dev,nsga2_typed,74102,512
dev,rgv_dev,nsga2_typed,74102,512
dev,rgv_g1,refit32,74101,512
dev,tour_dev,fast_h0,74101,512
dev,job_dev,refit32,74104,512
dev,tour_dev,bounded24,74101,512
dev,tour_dev,local24_refit32,74104,512
dev,rgv_g1,pool4,74101,512
dev,tour_dev,pool4,74103,512
dev,rgv_g1,local24,74103,512
dev,tour_dev,bounded24,74103,512
dev,rgv_g1,local_all,74104,512
dev,rgv_g1,fast_h0,74101,512
dev,job_dev,local24_refit32,74104,512
dev,rgv_g1,local24_refit32,74104,512
dev,rgv_dev,bounded24,74102,512
dev,rgv_g1,nsga2_typed,74101,512
dev,rgv_g1,local24_refit32,74102,512
dev,rgv_dev,nsga2_typed,74103,512
dev,job_dev,pool4,74101,512
dev,job_dev,local24,74102,512
dev,rgv_g1,local48,74103,512
dev,rgv_dev,bounded24,74104,512
dev,tour_dev,fast_h0,74102,512
dev,tour_dev,local24_refit32,74101,512
dev,job_dev,local48,74101,512
dev,tour_dev,local48,74102,512
dev,rgv_dev,fast_h0,74103,512
dev,rgv_dev,fast_v10,74101,512
dev,rgv_dev,local48,74102,512
dev,rgv_g1,local48,74102,512
dev,rgv_dev,local24,74102,512
dev,job_dev,local24,74101,512
dev,job_dev,pool4,74104,512
dev,rgv_dev,nsga2_typed,74104,512
dev,job_dev,local48,74104,512
dev,tour_dev,pool4,74101,512
dev,rgv_dev,refit32,74104,512
dev,rgv_g1,nsga2_typed,74104,512
dev,rgv_g1,nsga2_typed,74103,512
dev,rgv_dev,pool4,74104,512
dev,rgv_dev,local_all,74102,512
dev,rgv_g1,local24_refit32,74101,512
dev,tour_dev,local48,74101,512
dev,tour_dev,local_all,74104,512
dev,job_dev,fast_h0,74101,512
dev,rgv_g1,refit32,74102,512
dev,rgv_g1,local_all,74102,512
dev,rgv_dev,pool4,74101,512
dev,rgv_dev,local_all,74104,512
dev,tour_dev,local_all,74101,512
dev,job_dev,bounded24,74103,512
dev,job_dev,fast_h0,74103,512
dev,tour_dev,fast_v10,74102,512
dev,rgv_g1,pool4,74102,512
dev,rgv_dev,fast_v10,74102,512
dev,rgv_g1,fast_h0,74104,512
dev,rgv_g1,local24,74101,512
dev,rgv_dev,local24,74101,512
dev,job_dev,local_all,74101,512
dev,job_dev,local24_refit32,74101,512
dev,rgv_dev,pool4,74103,512
dev,tour_dev,bounded24,74104,512
dev,rgv_dev,fast_v10,74104,512
dev,rgv_dev,local48,74104,512
dev,rgv_dev,nsga2_typed,74101,512
dev,job_dev,nsga2_typed,74103,512
dev,rgv_g1,local_all,74101,512
dev,tour_dev,fast_v10,74104,512
dev,tour_dev,local_all,74102,512
dev,job_dev,local48,74102,512
dev,rgv_g1,fast_v10,74101,512
dev,rgv_g1,fast_h0,74103,512
dev,rgv_g1,local24,74102,512
dev,tour_dev,nsga2_typed,74102,512
dev,tour_dev,nsga2_typed,74104,512
dev,tour_dev,local24,74101,512
dev,rgv_g1,local48,74101,512
dev,rgv_dev,local24,74104,512
dev,job_dev,local_all,74102,512
dev,rgv_g1,refit32,74103,512
dev2,tour_dev,nsga2_typed,74101,512
dev2,tour_dev,dual24,74101,512
dev2,rgv_g1,dual48,74104,512
dev2,rgv_g1,dual24_refit32,74104,512
dev2,rgv_dev,fast_h0,74104,512
dev2,rgv_g1,fast_h0,74102,512
dev2,job_dev,fast_v10,74101,512
dev2,job_dev,fast_v10,74104,512
dev2,rgv_g1,local24_refit128,74103,512
dev2,tour_dev,dual48,74104,512
dev2,tour_dev,fast_v10,74103,512
dev2,job_dev,local24_refit128,74101,512
dev2,rgv_dev,dual24_refit32,74101,512
dev2,tour_dev,local24,74103,512
dev2,rgv_g1,fast_v10,74104,512
dev2,rgv_dev,fast_v10,74103,512
dev2,rgv_dev,dual24,74101,512
dev2,job_dev,fast_h0,74104,512
dev2,rgv_dev,local24,74101,512
dev2,job_dev,local24,74102,512
dev2,job_dev,local24_refit128,74103,512
dev2,job_dev,dual24,74102,512
dev2,rgv_dev,fast_h0,74102,512
dev2,rgv_dev,local24,74104,512
dev2,job_dev,dual24_refit32,74101,512
dev2,job_dev,dual24,74103,512
dev2,rgv_g1,local24,74101,512
dev2,rgv_dev,dual24,74104,512
dev2,job_dev,fast_h0,74101,512
dev2,tour_dev,fast_h0,74104,512
dev2,rgv_dev,dual48,74104,512
dev2,tour_dev,nsga2_typed,74104,512
dev2,rgv_g1,local24,74102,512
dev2,tour_dev,fast_v10,74102,512
dev2,job_dev,fast_h0,74103,512
dev2,tour_dev,dual24,74104,512
dev2,rgv_g1,dual24,74103,512
dev2,rgv_dev,local24,74103,512
dev2,job_dev,local24,74103,512
dev2,job_dev,dual48,74101,512
dev2,tour_dev,fast_v10,74104,512
dev2,tour_dev,dual48,74101,512
dev2,rgv_dev,dual24_refit32,74103,512
dev2,rgv_g1,dual24,74101,512
dev2,job_dev,dual24_refit32,74104,512
dev2,rgv_g1,nsga2_typed,74104,512
dev2,tour_dev,local24_refit128,74103,512
dev2,rgv_dev,dual24_refit32,74102,512
dev2,job_dev,local24,74101,512
dev2,tour_dev,local24,74101,512
dev2,rgv_g1,fast_h0,74101,512
dev2,rgv_dev,local24_refit128,74101,512
dev2,rgv_dev,local24,74102,512
dev2,tour_dev,local24_refit128,74104,512
dev2,rgv_dev,nsga2_typed,74103,512
dev2,rgv_g1,local24,74103,512
dev2,job_dev,local24_refit128,74104,512
dev2,rgv_dev,dual48,74101,512
dev2,rgv_dev,fast_h0,74101,512
dev2,job_dev,dual24_refit32,74103,512
dev2,job_dev,nsga2_typed,74102,512
dev2,job_dev,dual24,74104,512
dev2,tour_dev,dual24_refit32,74104,512
dev2,tour_dev,nsga2_typed,74103,512
dev2,job_dev,fast_v10,74103,512
dev2,tour_dev,local24_refit128,74102,512
dev2,tour_dev,dual24_refit32,74103,512
dev2,rgv_g1,fast_v10,74103,512
dev2,rgv_dev,local24_refit128,74103,512
dev2,rgv_dev,fast_v10,74104,512
dev2,job_dev,dual24,74101,512
dev2,tour_dev,local24_refit128,74101,512
dev2,job_dev,nsga2_typed,74104,512
dev2,rgv_g1,dual48,74103,512
dev2,rgv_g1,local24_refit128,74104,512
dev2,tour_dev,fast_h0,74103,512
dev2,job_dev,local24,74104,512
dev2,tour_dev,fast_h0,74102,512
dev2,rgv_dev,dual24,74102,512
dev2,rgv_g1,fast_h0,74103,512
dev2,rgv_g1,nsga2_typed,74103,512
dev2,tour_dev,dual48,74102,512
dev2,rgv_dev,nsga2_typed,74104,512
dev2,job_dev,fast_v10,74102,512
dev2,rgv_g1,local24,74104,512
dev2,job_dev,dual48,74102,512
dev2,job_dev,dual24_refit32,74102,512
dev2,rgv_g1,dual24,74102,512
dev2,rgv_dev,fast_h0,74103,512
dev2,rgv_g1,dual24_refit32,74102,512
dev2,rgv_dev,dual24,74103,512
dev2,rgv_dev,fast_v10,74101,512
dev2,rgv_g1,dual48,74101,512
dev2,rgv_dev,local24_refit128,74102,512
dev2,rgv_g1,nsga2_typed,74101,512
dev2,rgv_g1,fast_h0,74104,512
dev2,rgv_dev,dual48,74102,512
dev2,rgv_dev,local24_refit128,74104,512
dev2,rgv_dev,dual24_refit32,74104,512
dev2,tour_dev,fast_v10,74101,512
dev2,rgv_dev,nsga2_typed,74101,512
dev2,tour_dev,dual24_refit32,74101,512
dev2,tour_dev,dual24_refit32,74102,512
dev2,job_dev,nsga2_typed,74103,512
dev2,tour_dev,dual24,74102,512
dev2,rgv_dev,nsga2_typed,74102,512
dev2,tour_dev,dual24,74103,512
dev2,rgv_g1,dual48,74102,512
dev2,rgv_g1,local24_refit128,74101,512
dev2,job_dev,fast_h0,74102,512
dev2,rgv_dev,dual48,74103,512
dev2,job_dev,nsga2_typed,74101,512
dev2,rgv_dev,fast_v10,74102,512
dev2,rgv_g1,dual24_refit32,74103,512
dev2,rgv_g1,fast_v10,74101,512
dev2,rgv_g1,fast_v10,74102,512
dev2,tour_dev,nsga2_typed,74102,512
dev2,rgv_g1,local24_refit128,74102,512
dev2,tour_dev,local24,74104,512
dev2,job_dev,local24_refit128,74102,512
dev2,tour_dev,dual48,74103,512
dev2,rgv_g1,dual24_refit32,74101,512
dev2,rgv_g1,nsga2_typed,74102,512
dev2,job_dev,dual48,74104,512
dev2,tour_dev,local24,74102,512
dev2,rgv_g1,dual24,74104,512
dev2,job_dev,dual48,74103,512
dev2,tour_dev,fast_h0,74101,512
confirm,rgv_new2,nsga_local24,74502,1024
confirm,tour_new1,fast_v10,74510,1024
confirm,rgv_new2,fast_v10,74505,1024
confirm,tour_new2,local24,74504,1024
confirm,rgv_new1,nsga2_typed,74503,1024
confirm,rgv_new2,nsga2_typed,74505,1024
confirm,tour_new3,fast_h0,74501,1024
confirm,tour_new1,nsga2_typed,74502,1024
confirm,job_new4,nsga_local24,74503,1024
confirm,tour_new4,h0,74508,1024
confirm,rgv_new1,nsga_local24,74502,1024
confirm,rgv_new3,refit32,74509,1024
confirm,rgv_new1,local24,74506,1024
confirm,job_new1,fast_v10,74510,1024
confirm,rgv_new1,refit32,74508,1024
confirm,tour_new2,fast_h0,74507,1024
confirm,rgv_new2,h0,74506,1024
confirm,tour_new2,h0,74505,1024
confirm,tour_new2,nsga_local24,74507,1024
confirm,rgv_new3,nsga2_typed,74507,1024
confirm,rgv_new1,nsga_local24,74507,1024
confirm,rgv_new2,local24,74509,1024
confirm,job_new3,fast_v10,74503,1024
confirm,tour_new3,local24,74512,1024
confirm,rgv_new3,fast_h0,74511,1024
confirm,tour_new3,h0,74502,1024
confirm,tour_new3,fast_h0,74508,1024
confirm,job_new1,fast_v10,74503,1024
confirm,rgv_new4,local24,74504,1024
confirm,job_new3,fast_h0,74509,1024
confirm,job_new2,fast_h0,74504,1024
confirm,job_new3,local24,74509,1024
confirm,job_new2,nsga_local24,74507,1024
confirm,tour_new1,nsga2_typed,74503,1024
confirm,tour_new4,refit32,74503,1024
confirm,rgv_new3,fast_v10,74509,1024
confirm,job_new4,fast_v10,74504,1024
confirm,job_new3,nsga_local24,74507,1024
confirm,tour_new4,nsga_local24,74511,1024
confirm,rgv_new4,h0,74511,1024
confirm,job_new1,fast_h0,74508,1024
confirm,tour_new4,nsga_local24,74509,1024
confirm,tour_new3,nsga2_typed,74512,1024
confirm,rgv_new4,nsga_local24,74501,1024
confirm,rgv_new1,fast_h0,74501,1024
confirm,rgv_new4,fast_h0,74507,1024
confirm,job_new3,refit32,74504,1024
confirm,job_new2,fast_h0,74507,1024
confirm,tour_new3,local24,74505,1024
confirm,rgv_new1,fast_v10,74504,1024
confirm,job_new3,refit32,74506,1024
confirm,job_new3,local24_random,74502,1024
confirm,tour_new1,fast_v10,74512,1024
confirm,rgv_new2,nsga_local24,74501,1024
confirm,rgv_new3,nsga2_typed,74510,1024
confirm,job_new3,fast_v10,74506,1024
confirm,rgv_new4,fast_v10,74504,1024
confirm,job_new3,local24_random,74508,1024
confirm,tour_new4,fast_h0,74510,1024
confirm,job_new3,h0,74505,1024
confirm,rgv_new4,refit32,74508,1024
confirm,job_new1,refit32,74504,1024
confirm,job_new3,nsga2_typed,74510,1024
confirm,job_new4,local24,74511,1024
confirm,rgv_new2,refit32,74507,1024
confirm,job_new3,local24,74506,1024
confirm,tour_new2,local24,74503,1024
confirm,job_new4,nsga2_typed,74501,1024
confirm,tour_new2,fast_v10,74503,1024
confirm,job_new1,local24_random,74508,1024
confirm,job_new4,h0,74510,1024
confirm,rgv_new3,nsga_local24,74507,1024
confirm,tour_new2,refit32,74508,1024
confirm,job_new3,fast_h0,74507,1024
confirm,tour_new3,local24,74511,1024
confirm,job_new2,h0,74506,1024
confirm,tour_new1,refit32,74506,1024
confirm,rgv_new2,nsga_local24,74512,1024
confirm,rgv_new3,h0,74502,1024
confirm,tour_new2,fast_v10,74509,1024
confirm,rgv_new2,fast_v10,74507,1024
confirm,job_new1,nsga_local24,74503,1024
confirm,job_new2,nsga_local24,74502,1024
confirm,tour_new3,h0,74504,1024
confirm,tour_new2,nsga_local24,74512,1024
confirm,rgv_new4,fast_v10,74511,1024
confirm,job_new3,nsga2_typed,74501,1024
confirm,tour_new1,nsga_local24,74501,1024
confirm,tour_new4,refit32,74510,1024
confirm,rgv_new2,fast_v10,74504,1024
confirm,job_new3,fast_h0,74511,1024
confirm,rgv_new1,refit32,74506,1024
confirm,rgv_new4,local24_random,74505,1024
confirm,rgv_new3,fast_h0,74506,1024
confirm,rgv_new4,local24,74508,1024
confirm,rgv_new3,nsga2_typed,74502,1024
confirm,job_new2,local24,74502,1024
confirm,job_new3,local24_random,74511,1024
confirm,tour_new2,fast_v10,74506,1024
confirm,rgv_new4,local24_random,74501,1024
confirm,job_new2,h0,74509,1024
confirm,rgv_new2,local24,74506,1024
confirm,job_new3,fast_v10,74510,1024
confirm,job_new4,fast_h0,74509,1024
confirm,rgv_new1,fast_h0,74512,1024
confirm,job_new3,fast_h0,74510,1024
confirm,tour_new1,fast_h0,74504,1024
confirm,tour_new1,refit32,74509,1024
confirm,tour_new3,refit32,74501,1024
confirm,job_new2,nsga2_typed,74502,1024
confirm,job_new1,nsga_local24,74507,1024
confirm,tour_new2,fast_h0,74511,1024
confirm,job_new1,nsga2_typed,74510,1024
confirm,rgv_new3,nsga_local24,74504,1024
confirm,job_new3,refit32,74508,1024
confirm,job_new2,fast_h0,74510,1024
confirm,tour_new4,nsga2_typed,74511,1024
confirm,rgv_new4,local24_random,74506,1024
confirm,job_new3,fast_v10,74502,1024
confirm,job_new1,local24_random,74507,1024
confirm,job_new2,h0,74508,1024
confirm,job_new1,fast_h0,74512,1024
confirm,job_new4,fast_h0,74510,1024
confirm,rgv_new1,fast_v10,74506,1024
confirm,rgv_new2,nsga2_typed,74507,1024
confirm,job_new4,fast_h0,74508,1024
confirm,tour_new1,refit32,74512,1024
confirm,tour_new1,nsga_local24,74506,1024
confirm,tour_new1,local24,74508,1024
confirm,tour_new4,nsga_local24,74512,1024
confirm,job_new2,h0,74504,1024
confirm,job_new2,nsga2_typed,74508,1024
confirm,job_new1,fast_v10,74511,1024
confirm,rgv_new4,nsga2_typed,74509,1024
confirm,rgv_new4,fast_h0,74505,1024
confirm,job_new3,nsga2_typed,74507,1024
confirm,tour_new4,local24_random,74507,1024
confirm,job_new4,local24,74510,1024
confirm,rgv_new4,local24,74503,1024
confirm,job_new1,local24,74511,1024
confirm,rgv_new2,fast_v10,74503,1024
confirm,job_new1,local24,74505,1024
confirm,rgv_new1,nsga2_typed,74505,1024
confirm,tour_new3,fast_v10,74504,1024
confirm,job_new1,nsga_local24,74506,1024
confirm,job_new4,fast_h0,74507,1024
confirm,rgv_new3,fast_v10,74505,1024
confirm,tour_new2,local24,74512,1024
confirm,tour_new3,nsga_local24,74508,1024
confirm,rgv_new3,fast_v10,74504,1024
confirm,job_new4,fast_h0,74502,1024
confirm,job_new4,local24_random,74511,1024
confirm,tour_new2,nsga_local24,74501,1024
confirm,job_new1,local24_random,74502,1024
confirm,tour_new2,refit32,74511,1024
confirm,job_new2,local24_random,74502,1024
confirm,rgv_new4,h0,74502,1024
confirm,job_new4,fast_h0,74506,1024
confirm,job_new4,fast_h0,74511,1024
confirm,job_new4,h0,74507,1024
confirm,rgv_new4,local24_random,74502,1024
confirm,rgv_new3,local24_random,74508,1024
confirm,tour_new1,local24,74503,1024
confirm,tour_new1,local24,74501,1024
confirm,rgv_new4,nsga2_typed,74506,1024
confirm,tour_new3,fast_v10,74510,1024
confirm,job_new4,nsga2_typed,74506,1024
confirm,rgv_new3,fast_v10,74506,1024
confirm,rgv_new3,h0,74510,1024
confirm,tour_new4,local24_random,74512,1024
confirm,rgv_new1,nsga_local24,74506,1024
confirm,job_new3,h0,74504,1024
confirm,rgv_new2,local24_random,74501,1024
confirm,rgv_new4,h0,74510,1024
confirm,tour_new2,local24,74507,1024
confirm,rgv_new1,h0,74511,1024
confirm,rgv_new1,fast_v10,74505,1024
confirm,tour_new2,refit32,74512,1024
confirm,rgv_new2,local24,74503,1024
confirm,job_new4,nsga2_typed,74504,1024
confirm,tour_new1,fast_v10,74502,1024
confirm,tour_new1,fast_h0,74512,1024
confirm,job_new2,local24_random,74508,1024
confirm,job_new3,nsga2_typed,74511,1024
confirm,tour_new4,refit32,74511,1024
confirm,tour_new4,fast_h0,74502,1024
confirm,rgv_new3,nsga2_typed,74509,1024
confirm,job_new3,refit32,74505,1024
confirm,job_new1,fast_v10,74502,1024
confirm,tour_new2,local24_random,74511,1024
confirm,rgv_new3,nsga2_typed,74512,1024
confirm,rgv_new4,local24,74505,1024
confirm,rgv_new3,refit32,74507,1024
confirm,tour_new1,local24_random,74503,1024
confirm,rgv_new2,local24_random,74503,1024
confirm,job_new3,h0,74501,1024
confirm,rgv_new2,fast_h0,74508,1024
confirm,tour_new1,local24_random,74506,1024
confirm,job_new1,h0,74505,1024
confirm,rgv_new1,nsga2_typed,74502,1024
confirm,rgv_new3,fast_v10,74503,1024
confirm,rgv_new2,local24,74511,1024
confirm,job_new1,local24,74512,1024
confirm,tour_new1,h0,74506,1024
confirm,job_new4,fast_v10,74510,1024
confirm,job_new4,local24,74508,1024
confirm,tour_new4,nsga2_typed,74502,1024
confirm,rgv_new2,nsga_local24,74504,1024
confirm,tour_new4,fast_v10,74504,1024
confirm,job_new3,fast_v10,74505,1024
confirm,tour_new4,local24_random,74506,1024
confirm,job_new2,refit32,74509,1024
confirm,tour_new4,h0,74507,1024
confirm,rgv_new3,local24_random,74506,1024
confirm,tour_new4,refit32,74506,1024
confirm,job_new2,local24_random,74503,1024
confirm,tour_new1,nsga2_typed,74501,1024
confirm,job_new1,h0,74507,1024
confirm,rgv_new4,nsga_local24,74506,1024
confirm,rgv_new1,h0,74501,1024
confirm,tour_new3,nsga_local24,74511,1024
confirm,job_new2,local24,74505,1024
confirm,tour_new2,refit32,74506,1024
confirm,tour_new2,local24,74510,1024
confirm,job_new3,refit32,74510,1024
confirm,job_new2,fast_v10,74511,1024
confirm,job_new1,local24_random,74505,1024
confirm,tour_new2,local24,74511,1024
confirm,job_new3,fast_h0,74501,1024
confirm,job_new1,fast_h0,74506,1024
confirm,job_new4,nsga2_typed,74509,1024
confirm,rgv_new2,nsga_local24,74510,1024
confirm,tour_new1,refit32,74505,1024
confirm,rgv_new4,nsga_local24,74512,1024
confirm,job_new4,local24,74503,1024
confirm,job_new3,local24,74501,1024
confirm,tour_new3,refit32,74503,1024
confirm,job_new4,refit32,74501,1024
confirm,rgv_new2,fast_h0,74501,1024
confirm,rgv_new2,h0,74503,1024
confirm,tour_new1,nsga2_typed,74506,1024
confirm,tour_new2,h0,74510,1024
confirm,job_new2,nsga_local24,74512,1024
confirm,tour_new4,nsga2_typed,74512,1024
confirm,rgv_new4,nsga2_typed,74504,1024
confirm,tour_new4,nsga_local24,74502,1024
confirm,job_new4,fast_v10,74503,1024
confirm,tour_new4,local24,74501,1024
confirm,rgv_new2,nsga2_typed,74504,1024
confirm,tour_new3,nsga_local24,74512,1024
confirm,tour_new4,local24_random,74501,1024
confirm,rgv_new1,local24,74505,1024
confirm,tour_new3,h0,74506,1024
confirm,rgv_new3,refit32,74501,1024
confirm,job_new1,refit32,74509,1024
confirm,tour_new1,local24_random,74509,1024
confirm,rgv_new3,nsga2_typed,74506,1024
confirm,rgv_new1,local24,74502,1024
confirm,job_new4,nsga2_typed,74512,1024
confirm,tour_new3,nsga_local24,74509,1024
confirm,tour_new3,local24_random,74508,1024
confirm,rgv_new2,fast_v10,74508,1024
confirm,job_new4,fast_h0,74501,1024
confirm,rgv_new4,local24,74509,1024
confirm,rgv_new1,fast_h0,74504,1024
confirm,tour_new1,h0,74503,1024
confirm,rgv_new2,fast_h0,74512,1024
confirm,tour_new3,fast_h0,74511,1024
confirm,rgv_new3,refit32,74504,1024
confirm,tour_new4,fast_h0,74504,1024
confirm,rgv_new3,local24_random,74504,1024
confirm,job_new1,refit32,74505,1024
confirm,job_new1,h0,74501,1024
confirm,tour_new2,h0,74504,1024
confirm,tour_new3,nsga2_typed,74505,1024
confirm,rgv_new4,h0,74506,1024
confirm,job_new4,nsga_local24,74507,1024
confirm,rgv_new1,fast_h0,74506,1024
confirm,job_new2,nsga2_typed,74511,1024
confirm,tour_new1,h0,74511,1024
confirm,job_new1,local24,74507,1024
confirm,job_new4,nsga2_typed,74511,1024
confirm,tour_new3,refit32,74511,1024
confirm,job_new2,local24_random,74501,1024
confirm,rgv_new1,nsga_local24,74510,1024
confirm,rgv_new3,local24_random,74505,1024
confirm,tour_new4,fast_v10,74506,1024
confirm,job_new1,fast_v10,74508,1024
confirm,job_new3,local24,74502,1024
confirm,tour_new2,nsga_local24,74506,1024
confirm,job_new1,nsga2_typed,74505,1024
confirm,job_new2,nsga_local24,74511,1024
confirm,rgv_new4,h0,74505,1024
confirm,rgv_new1,fast_v10,74511,1024
confirm,rgv_new3,h0,74508,1024
confirm,tour_new4,h0,74502,1024
confirm,rgv_new1,local24,74504,1024
confirm,rgv_new2,refit32,74509,1024
confirm,rgv_new2,refit32,74511,1024
confirm,rgv_new3,fast_h0,74501,1024
confirm,rgv_new1,nsga2_typed,74511,1024
confirm,job_new3,local24,74511,1024
confirm,rgv_new4,fast_v10,74509,1024
confirm,rgv_new2,local24,74508,1024
confirm,tour_new1,refit32,74511,1024
confirm,rgv_new4,local24,74501,1024
confirm,tour_new3,nsga_local24,74503,1024
confirm,tour_new4,nsga2_typed,74503,1024
confirm,rgv_new3,fast_v10,74510,1024
confirm,rgv_new3,local24_random,74502,1024
confirm,tour_new2,fast_v10,74510,1024
confirm,rgv_new1,nsga2_typed,74504,1024
confirm,job_new4,refit32,74508,1024
confirm,tour_new2,fast_h0,74512,1024
confirm,tour_new4,refit32,74507,1024
confirm,job_new1,fast_v10,74504,1024
confirm,job_new4,nsga_local24,74502,1024
confirm,tour_new4,h0,74505,1024
confirm,job_new1,h0,74503,1024
confirm,job_new2,local24_random,74510,1024
confirm,job_new3,h0,74508,1024
confirm,rgv_new3,local24,74511,1024
confirm,tour_new1,nsga_local24,74509,1024
confirm,tour_new3,fast_v10,74502,1024
confirm,tour_new2,fast_h0,74508,1024
confirm,job_new4,nsga2_typed,74503,1024
confirm,job_new2,fast_v10,74506,1024
confirm,job_new3,nsga2_typed,74503,1024
confirm,tour_new4,nsga_local24,74506,1024
confirm,tour_new1,local24_random,74504,1024
confirm,rgv_new1,local24_random,74510,1024
confirm,tour_new2,h0,74511,1024
confirm,job_new2,fast_h0,74503,1024
confirm,rgv_new3,h0,74506,1024
confirm,tour_new3,nsga2_typed,74501,1024
confirm,job_new3,h0,74507,1024
confirm,job_new1,local24,74502,1024
confirm,tour_new2,nsga2_typed,74512,1024
confirm,rgv_new1,fast_v10,74501,1024
confirm,job_new4,nsga_local24,74509,1024
confirm,job_new3,nsga_local24,74506,1024
confirm,rgv_new3,local24,74502,1024
confirm,job_new3,h0,74503,1024
confirm,job_new1,local24_random,74511,1024
confirm,rgv_new4,fast_h0,74503,1024
confirm,rgv_new3,fast_v10,74511,1024
confirm,rgv_new3,nsga_local24,74512,1024
confirm,tour_new1,nsga_local24,74508,1024
confirm,job_new2,fast_v10,74507,1024
confirm,rgv_new3,local24_random,74510,1024
confirm,job_new3,local24,74503,1024
confirm,job_new2,fast_h0,74501,1024
confirm,job_new4,fast_h0,74505,1024
confirm,job_new4,local24_random,74509,1024
confirm,tour_new1,nsga2_typed,74510,1024
confirm,tour_new4,nsga_local24,74504,1024
confirm,rgv_new3,nsga_local24,74505,1024
confirm,tour_new2,local24_random,74512,1024
confirm,job_new1,fast_v10,74507,1024
confirm,rgv_new4,refit32,74502,1024
confirm,tour_new2,fast_h0,74509,1024
confirm,tour_new1,local24,74509,1024
confirm,tour_new4,fast_v10,74511,1024
confirm,rgv_new3,nsga_local24,74501,1024
confirm,job_new3,fast_h0,74512,1024
confirm,tour_new4,local24,74503,1024
confirm,job_new1,refit32,74501,1024
confirm,tour_new2,local24_random,74502,1024
confirm,tour_new2,fast_v10,74507,1024
confirm,rgv_new3,h0,74505,1024
confirm,tour_new2,h0,74506,1024
confirm,tour_new1,refit32,74504,1024
confirm,tour_new1,fast_h0,74507,1024
confirm,rgv_new2,nsga2_typed,74508,1024
confirm,tour_new3,local24,74503,1024
confirm,rgv_new2,nsga2_typed,74502,1024
confirm,tour_new4,nsga2_typed,74501,1024
confirm,tour_new4,refit32,74505,1024
confirm,rgv_new4,fast_v10,74512,1024
confirm,rgv_new3,refit32,74505,1024
confirm,rgv_new3,local24,74505,1024
confirm,job_new2,local24,74501,1024
confirm,job_new3,fast_v10,74511,1024
confirm,tour_new4,nsga_local24,74503,1024
confirm,rgv_new4,fast_v10,74502,1024
confirm,rgv_new3,refit32,74506,1024
confirm,rgv_new1,refit32,74511,1024
confirm,job_new4,nsga_local24,74508,1024
confirm,tour_new3,fast_h0,74504,1024
confirm,job_new2,fast_v10,74502,1024
confirm,job_new2,local24_random,74509,1024
confirm,rgv_new3,nsga2_typed,74508,1024
confirm,tour_new2,h0,74508,1024
confirm,tour_new4,local24_random,74505,1024
confirm,rgv_new3,h0,74512,1024
confirm,job_new2,nsga_local24,74505,1024
confirm,tour_new4,nsga_local24,74510,1024
confirm,rgv_new1,fast_h0,74509,1024
confirm,rgv_new4,nsga_local24,74507,1024
confirm,rgv_new4,refit32,74511,1024
confirm,tour_new3,refit32,74512,1024
confirm,rgv_new1,fast_v10,74509,1024
confirm,tour_new2,nsga2_typed,74510,1024
confirm,job_new1,local24,74509,1024
confirm,rgv_new3,local24_random,74501,1024
confirm,job_new4,local24_random,74510,1024
confirm,job_new1,nsga2_typed,74508,1024
confirm,rgv_new1,nsga_local24,74509,1024
confirm,rgv_new1,local24,74508,1024
confirm,job_new3,local24_random,74503,1024
confirm,tour_new3,local24_random,74503,1024
confirm,tour_new3,refit32,74504,1024
confirm,job_new3,refit32,74503,1024
confirm,job_new4,fast_v10,74511,1024
confirm,rgv_new4,local24,74511,1024
confirm,rgv_new1,nsga_local24,74504,1024
confirm,rgv_new3,fast_v10,74508,1024
confirm,rgv_new4,h0,74501,1024
confirm,job_new1,fast_h0,74504,1024
confirm,job_new3,local24,74508,1024
confirm,rgv_new2,h0,74502,1024
confirm,tour_new2,local24_random,74509,1024
confirm,job_new3,h0,74511,1024
confirm,job_new3,h0,74512,1024
confirm,tour_new2,fast_h0,74504,1024
confirm,tour_new4,h0,74501,1024
confirm,rgv_new2,fast_v10,74511,1024
confirm,rgv_new1,refit32,74504,1024
confirm,rgv_new4,local24_random,74511,1024
confirm,tour_new3,refit32,74508,1024
confirm,rgv_new2,local24_random,74511,1024
confirm,tour_new4,h0,74506,1024
confirm,job_new3,local24_random,74504,1024
confirm,tour_new3,local24_random,74505,1024
confirm,job_new4,local24,74502,1024
confirm,tour_new2,nsga2_typed,74501,1024
confirm,rgv_new1,nsga_local24,74505,1024
confirm,rgv_new1,fast_v10,74507,1024
confirm,rgv_new4,refit32,74509,1024
confirm,tour_new4,local24_random,74508,1024
confirm,rgv_new4,h0,74508,1024
confirm,job_new4,local24_random,74504,1024
confirm,rgv_new1,local24_random,74508,1024
confirm,job_new1,fast_h0,74505,1024
confirm,tour_new4,local24,74506,1024
confirm,tour_new1,h0,74508,1024
confirm,job_new3,h0,74510,1024
confirm,job_new4,nsga_local24,74510,1024
confirm,job_new1,nsga2_typed,74511,1024
confirm,tour_new3,fast_v10,74509,1024
confirm,tour_new1,fast_v10,74507,1024
confirm,tour_new1,local24_random,74510,1024
confirm,rgv_new2,local24_random,74508,1024
confirm,job_new4,h0,74508,1024
confirm,tour_new4,fast_h0,74507,1024
confirm,rgv_new4,fast_h0,74511,1024
confirm,job_new1,fast_h0,74511,1024
confirm,job_new1,nsga_local24,74508,1024
confirm,job_new1,local24,74506,1024
confirm,rgv_new1,nsga2_typed,74507,1024
confirm,job_new3,nsga_local24,74505,1024
confirm,rgv_new1,local24,74503,1024
confirm,job_new1,fast_h0,74507,1024
confirm,rgv_new1,h0,74503,1024
confirm,job_new3,nsga2_typed,74505,1024
confirm,job_new3,nsga_local24,74504,1024
confirm,tour_new4,nsga_local24,74507,1024
confirm,rgv_new4,nsga_local24,74511,1024
confirm,tour_new4,local24_random,74510,1024
confirm,tour_new4,fast_h0,74506,1024
confirm,tour_new2,refit32,74502,1024
confirm,rgv_new4,h0,74512,1024
confirm,job_new2,fast_h0,74508,1024
confirm,tour_new3,h0,74505,1024
confirm,tour_new3,local24_random,74509,1024
confirm,tour_new2,local24,74509,1024
confirm,job_new2,refit32,74511,1024
confirm,tour_new2,fast_h0,74506,1024
confirm,job_new2,nsga2_typed,74506,1024
confirm,job_new4,refit32,74507,1024
confirm,tour_new3,local24,74508,1024
confirm,rgv_new2,nsga_local24,74507,1024
confirm,rgv_new1,fast_h0,74507,1024
confirm,job_new3,nsga_local24,74512,1024
confirm,rgv_new2,fast_h0,74504,1024
confirm,tour_new4,fast_h0,74503,1024
confirm,rgv_new1,nsga_local24,74512,1024
confirm,job_new2,local24,74507,1024
confirm,rgv_new1,fast_h0,74511,1024
confirm,job_new4,nsga2_typed,74510,1024
confirm,rgv_new1,fast_v10,74502,1024
confirm,tour_new1,fast_h0,74502,1024
confirm,job_new4,local24,74505,1024
confirm,job_new4,local24_random,74505,1024
confirm,tour_new3,nsga2_typed,74503,1024
confirm,tour_new3,fast_v10,74507,1024
confirm,rgv_new1,fast_v10,74510,1024
confirm,job_new1,fast_h0,74503,1024
confirm,tour_new3,local24_random,74506,1024
confirm,rgv_new3,fast_h0,74508,1024
confirm,rgv_new2,local24_random,74509,1024
confirm,job_new2,refit32,74504,1024
confirm,rgv_new2,nsga2_typed,74512,1024
confirm,tour_new2,refit32,74501,1024
confirm,job_new4,h0,74511,1024
confirm,job_new4,h0,74501,1024
confirm,tour_new1,nsga2_typed,74511,1024
confirm,tour_new2,local24_random,74503,1024
confirm,rgv_new1,nsga2_typed,74508,1024
confirm,tour_new3,refit32,74505,1024
confirm,job_new2,refit32,74505,1024
confirm,tour_new1,refit32,74501,1024
confirm,tour_new4,fast_v10,74509,1024
confirm,rgv_new1,refit32,74502,1024
confirm,job_new3,nsga2_typed,74512,1024
confirm,tour_new2,nsga_local24,74510,1024
confirm,rgv_new2,fast_h0,74506,1024
confirm,rgv_new2,local24_random,74505,1024
confirm,job_new4,refit32,74502,1024
confirm,job_new2,fast_v10,74503,1024
confirm,tour_new3,nsga_local24,74507,1024
confirm,tour_new1,local24,74505,1024
confirm,job_new2,nsga_local24,74501,1024
confirm,rgv_new2,fast_v10,74501,1024
confirm,tour_new3,local24_random,74511,1024
confirm,tour_new1,fast_v10,74505,1024
confirm,rgv_new2,nsga_local24,74508,1024
confirm,rgv_new4,fast_v10,74508,1024
confirm,rgv_new2,nsga_local24,74511,1024
confirm,tour_new2,nsga2_typed,74507,1024
confirm,job_new2,fast_h0,74509,1024
confirm,rgv_new4,fast_h0,74508,1024
confirm,tour_new3,fast_h0,74507,1024
confirm,tour_new2,fast_v10,74511,1024
confirm,rgv_new4,nsga2_typed,74505,1024
confirm,rgv_new1,h0,74512,1024
confirm,job_new3,nsga_local24,74502,1024
confirm,job_new4,nsga_local24,74512,1024
confirm,tour_new3,h0,74510,1024
confirm,rgv_new4,fast_h0,74502,1024
confirm,tour_new2,h0,74501,1024
confirm,tour_new1,fast_h0,74506,1024
confirm,tour_new3,fast_v10,74503,1024
confirm,job_new1,local24,74503,1024
confirm,rgv_new1,fast_h0,74502,1024
confirm,tour_new2,local24_random,74507,1024
confirm,job_new3,nsga_local24,74510,1024
confirm,job_new2,fast_v10,74508,1024
confirm,job_new4,local24,74512,1024
confirm,tour_new4,nsga2_typed,74506,1024
confirm,job_new3,refit32,74511,1024
confirm,tour_new4,h0,74512,1024
confirm,tour_new3,local24_random,74512,1024
confirm,job_new2,nsga2_typed,74507,1024
confirm,job_new4,nsga_local24,74504,1024
confirm,tour_new3,fast_h0,74509,1024
confirm,rgv_new2,local24_random,74506,1024
confirm,job_new3,local24,74507,1024
confirm,job_new2,local24_random,74504,1024
confirm,job_new1,h0,74506,1024
confirm,job_new2,h0,74512,1024
confirm,tour_new2,nsga_local24,74511,1024
confirm,tour_new2,refit32,74505,1024
confirm,tour_new2,nsga_local24,74504,1024
confirm,rgv_new1,refit32,74503,1024
confirm,tour_new1,nsga_local24,74502,1024
confirm,tour_new4,local24,74510,1024
confirm,tour_new4,fast_v10,74505,1024
confirm,job_new1,fast_v10,74505,1024
confirm,job_new4,nsga_local24,74511,1024
confirm,rgv_new4,local24_random,74509,1024
confirm,tour_new4,fast_v10,74510,1024
confirm,job_new4,fast_h0,74504,1024
confirm,rgv_new2,nsga_local24,74505,1024
confirm,job_new1,local24_random,74512,1024
confirm,job_new1,local24_random,74504,1024
confirm,tour_new1,local24,74510,1024
confirm,job_new1,local24,74508,1024
confirm,rgv_new1,nsga2_typed,74510,1024
confirm,rgv_new2,local24,74512,1024
confirm,tour_new4,nsga_local24,74508,1024
confirm,job_new2,nsga2_typed,74505,1024
confirm,job_new3,local24,74504,1024
confirm,rgv_new1,refit32,74505,1024
confirm,job_new3,nsga_local24,74509,1024
confirm,tour_new2,fast_v10,74502,1024
confirm,rgv_new4,nsga_local24,74508,1024
confirm,rgv_new1,local24_random,74503,1024
confirm,rgv_new3,refit32,74508,1024
confirm,job_new4,local24_random,74508,1024
confirm,job_new4,fast_h0,74512,1024
confirm,rgv_new4,nsga2_typed,74507,1024
confirm,job_new2,local24_random,74512,1024
confirm,tour_new2,fast_h0,74502,1024
confirm,tour_new1,h0,74512,1024
confirm,tour_new1,fast_v10,74506,1024
confirm,job_new2,fast_v10,74510,1024
confirm,job_new4,refit32,74509,1024
confirm,job_new4,local24_random,74501,1024
confirm,rgv_new3,fast_h0,74502,1024
confirm,rgv_new1,nsga2_typed,74501,1024
confirm,job_new2,local24_random,74506,1024
confirm,tour_new3,local24,74509,1024
confirm,job_new2,local24,74506,1024
confirm,tour_new2,nsga_local24,74509,1024
confirm,rgv_new3,local24_random,74507,1024
confirm,rgv_new1,local24,74507,1024
confirm,rgv_new4,refit32,74504,1024
confirm,job_new3,refit32,74512,1024
confirm,rgv_new1,h0,74505,1024
confirm,rgv_new3,fast_h0,74503,1024
confirm,tour_new4,fast_v10,74512,1024
confirm,tour_new3,nsga_local24,74502,1024
confirm,rgv_new3,fast_v10,74512,1024
confirm,job_new3,fast_v10,74507,1024
confirm,job_new2,fast_h0,74511,1024
confirm,job_new2,h0,74510,1024
confirm,rgv_new2,h0,74511,1024
confirm,job_new3,local24,74505,1024
confirm,rgv_new3,local24,74512,1024
confirm,tour_new3,h0,74501,1024
confirm,tour_new3,local24_random,74502,1024
confirm,job_new1,fast_h0,74509,1024
confirm,tour_new4,fast_h0,74505,1024
confirm,rgv_new1,fast_v10,74512,1024
confirm,tour_new1,nsga2_typed,74507,1024
confirm,tour_new3,local24,74506,1024
confirm,job_new2,nsga2_typed,74504,1024
confirm,tour_new2,nsga2_typed,74508,1024
confirm,rgv_new2,nsga2_typed,74506,1024
confirm,tour_new2,nsga2_typed,74511,1024
confirm,tour_new1,fast_v10,74504,1024
confirm,rgv_new4,nsga2_typed,74512,1024
confirm,tour_new3,nsga_local24,74504,1024
confirm,job_new4,refit32,74504,1024
confirm,rgv_new1,local24_random,74501,1024
confirm,job_new1,h0,74511,1024
confirm,tour_new3,fast_v10,74505,1024
confirm,job_new1,local24,74501,1024
confirm,job_new2,h0,74505,1024
confirm,rgv_new2,fast_v10,74510,1024
confirm,tour_new1,fast_v10,74511,1024
confirm,tour_new4,fast_h0,74501,1024
confirm,rgv_new1,local24_random,74507,1024
confirm,tour_new2,refit32,74504,1024
confirm,tour_new1,local24_random,74512,1024
confirm,rgv_new1,nsga2_typed,74512,1024
confirm,rgv_new3,fast_v10,74507,1024
confirm,rgv_new3,local24,74510,1024
confirm,job_new1,refit32,74511,1024
confirm,tour_new4,local24_random,74502,1024
confirm,rgv_new4,fast_h0,74506,1024
confirm,rgv_new4,nsga2_typed,74511,1024
confirm,rgv_new3,fast_h0,74505,1024
confirm,tour_new3,h0,74507,1024
confirm,rgv_new2,nsga2_typed,74510,1024
confirm,tour_new1,local24,74504,1024
confirm,job_new4,local24_random,74502,1024
confirm,rgv_new2,fast_v10,74502,1024
confirm,rgv_new1,local24_random,74512,1024
confirm,rgv_new3,nsga_local24,74509,1024
confirm,job_new4,fast_v10,74505,1024
confirm,tour_new3,fast_h0,74505,1024
confirm,job_new3,local24,74510,1024
confirm,tour_new1,local24,74507,1024
confirm,rgv_new4,h0,74504,1024
confirm,job_new3,local24_random,74507,1024
confirm,job_new2,nsga2_typed,74509,1024
confirm,tour_new2,refit32,74509,1024
confirm,tour_new4,nsga2_typed,74507,1024
confirm,rgv_new2,nsga2_typed,74511,1024
confirm,rgv_new2,local24,74507,1024
confirm,rgv_new2,refit32,74510,1024
confirm,rgv_new4,fast_h0,74509,1024
confirm,tour_new2,nsga2_typed,74504,1024
confirm,rgv_new4,local24_random,74504,1024
confirm,tour_new4,local24,74511,1024
confirm,job_new4,h0,74509,1024
confirm,tour_new4,refit32,74512,1024
confirm,job_new2,fast_v10,74501,1024
confirm,job_new3,refit32,74501,1024
confirm,rgv_new2,fast_h0,74510,1024
confirm,rgv_new2,refit32,74505,1024
confirm,tour_new4,nsga_local24,74505,1024
confirm,rgv_new1,nsga_local24,74511,1024
confirm,tour_new4,fast_v10,74501,1024
confirm,rgv_new3,nsga_local24,74510,1024
confirm,rgv_new1,h0,74507,1024
confirm,rgv_new1,local24,74501,1024
confirm,rgv_new1,local24_random,74511,1024
confirm,tour_new3,local24,74501,1024
confirm,rgv_new3,nsga2_typed,74511,1024
confirm,job_new2,refit32,74502,1024
confirm,tour_new3,local24_random,74501,1024
confirm,job_new1,fast_v10,74501,1024
confirm,tour_new4,local24,74509,1024
confirm,rgv_new3,refit32,74502,1024
confirm,tour_new2,local24,74508,1024
confirm,job_new4,h0,74506,1024
confirm,rgv_new1,refit32,74507,1024
confirm,rgv_new3,fast_h0,74509,1024
confirm,tour_new4,fast_v10,74502,1024
confirm,tour_new1,nsga_local24,74512,1024
confirm,rgv_new2,h0,74509,1024
confirm,job_new3,nsga2_typed,74506,1024
confirm,job_new1,local24,74510,1024
confirm,rgv_new3,fast_h0,74512,1024
confirm,job_new2,nsga_local24,74509,1024
confirm,tour_new2,nsga_local24,74508,1024
confirm,job_new3,local24_random,74501,1024
confirm,job_new4,nsga2_typed,74502,1024
confirm,tour_new3,fast_v10,74511,1024
confirm,job_new1,refit32,74512,1024
confirm,job_new4,refit32,74512,1024
confirm,tour_new1,fast_v10,74503,1024
confirm,tour_new1,h0,74505,1024
confirm,rgv_new1,h0,74506,1024
confirm,tour_new1,nsga2_typed,74512,1024
confirm,job_new3,refit32,74502,1024
confirm,job_new1,fast_h0,74501,1024
confirm,job_new2,nsga_local24,74510,1024
confirm,tour_new3,fast_v10,74508,1024
confirm,rgv_new2,fast_h0,74507,1024
confirm,rgv_new1,h0,74504,1024
confirm,job_new1,fast_v10,74506,1024
confirm,rgv_new3,fast_h0,74510,1024
confirm,tour_new1,local24,74506,1024
confirm,rgv_new3,nsga_local24,74508,1024
confirm,tour_new3,refit32,74507,1024
confirm,job_new1,nsga_local24,74512,1024
confirm,job_new3,fast_v10,74508,1024
confirm,rgv_new3,nsga_local24,74502,1024
confirm,rgv_new1,h0,74508,1024
confirm,job_new3,fast_v10,74509,1024
confirm,rgv_new3,refit32,74512,1024
confirm,job_new3,h0,74502,1024
confirm,rgv_new2,nsga_local24,74503,1024
confirm,tour_new1,nsga_local24,74503,1024
confirm,rgv_new1,nsga_local24,74503,1024
confirm,tour_new2,nsga2_typed,74509,1024
confirm,tour_new1,local24_random,74501,1024
confirm,job_new1,refit32,74507,1024
confirm,tour_new1,fast_v10,74509,1024
confirm,job_new1,h0,74509,1024
confirm,rgv_new4,local24,74512,1024
confirm,rgv_new4,refit32,74512,1024
confirm,job_new2,local24_random,74511,1024
confirm,rgv_new3,local24,74506,1024
confirm,job_new4,fast_v10,74507,1024
confirm,rgv_new1,fast_v10,74508,1024
confirm,tour_new2,refit32,74503,1024
confirm,rgv_new2,fast_h0,74503,1024
confirm,rgv_new2,fast_h0,74509,1024
confirm,job_new1,local24_random,74501,1024
confirm,tour_new1,refit32,74508,1024
confirm,tour_new4,fast_v10,74508,1024
confirm,rgv_new3,local24,74508,1024
confirm,job_new4,nsga_local24,74505,1024
confirm,job_new4,fast_v10,74508,1024
confirm,rgv_new4,fast_h0,74510,1024
confirm,job_new2,local24_random,74505,1024
confirm,rgv_new4,local24_random,74512,1024
confirm,tour_new2,fast_h0,74505,1024
confirm,tour_new3,nsga2_typed,74509,1024
confirm,rgv_new3,nsga2_typed,74503,1024
confirm,job_new1,h0,74508,1024
confirm,job_new2,local24,74508,1024
confirm,job_new2,fast_h0,74505,1024
confirm,tour_new3,refit32,74509,1024
confirm,tour_new1,fast_v10,74501,1024
confirm,job_new3,fast_h0,74503,1024
confirm,rgv_new1,local24_random,74506,1024
confirm,rgv_new1,h0,74502,1024
confirm,tour_new4,fast_h0,74511,1024
confirm,rgv_new4,nsga_local24,74502,1024
confirm,job_new2,fast_v10,74505,1024
confirm,tour_new4,h0,74504,1024
confirm,rgv_new1,local24,74510,1024
confirm,job_new3,fast_v10,74512,1024
confirm,job_new4,h0,74512,1024
confirm,job_new3,nsga_local24,74508,1024
confirm,rgv_new3,fast_v10,74502,1024
confirm,rgv_new1,refit32,74510,1024
confirm,tour_new2,fast_h0,74510,1024
confirm,tour_new2,local24_random,74501,1024
confirm,job_new3,local24_random,74512,1024
confirm,rgv_new3,h0,74504,1024
confirm,tour_new4,fast_v10,74503,1024
confirm,job_new1,nsga_local24,74511,1024
confirm,tour_new3,nsga_local24,74506,1024
confirm,rgv_new1,local24,74512,1024
confirm,rgv_new2,h0,74508,1024
confirm,rgv_new4,nsga2_typed,74510,1024
confirm,tour_new3,local24,74510,1024
confirm,rgv_new1,nsga_local24,74508,1024
confirm,job_new3,nsga_local24,74503,1024
confirm,rgv_new1,local24_random,74504,1024
confirm,rgv_new3,local24_random,74512,1024
confirm,tour_new4,nsga2_typed,74504,1024
confirm,tour_new1,h0,74510,1024
confirm,tour_new3,fast_h0,74502,1024
confirm,rgv_new4,nsga2_typed,74508,1024
confirm,tour_new2,local24,74501,1024
confirm,tour_new3,h0,74503,1024
confirm,job_new2,local24_random,74507,1024
confirm,job_new3,fast_v10,74504,1024
confirm,tour_new2,h0,74503,1024
confirm,tour_new2,fast_v10,74501,1024
confirm,rgv_new4,h0,74509,1024
confirm,tour_new3,fast_v10,74506,1024
confirm,job_new4,nsga2_typed,74508,1024
confirm,rgv_new4,h0,74507,1024
confirm,tour_new4,nsga_local24,74501,1024
confirm,job_new1,nsga_local24,74505,1024
confirm,tour_new1,nsga_local24,74507,1024
confirm,tour_new3,refit32,74502,1024
confirm,rgv_new2,nsga_local24,74506,1024
confirm,job_new4,refit32,74510,1024
confirm,rgv_new2,local24_random,74510,1024
confirm,rgv_new2,h0,74501,1024
confirm,job_new1,nsga2_typed,74509,1024
confirm,job_new4,nsga_local24,74506,1024
confirm,rgv_new3,h0,74507,1024
confirm,job_new2,fast_h0,74512,1024
confirm,rgv_new3,local24,74509,1024
confirm,job_new4,fast_h0,74503,1024
confirm,rgv_new4,nsga2_typed,74503,1024
confirm,tour_new4,local24_random,74503,1024
confirm,tour_new3,h0,74512,1024
confirm,rgv_new3,fast_h0,74504,1024
confirm,tour_new1,local24_random,74507,1024
confirm,rgv_new4,refit32,74506,1024
confirm,tour_new4,fast_v10,74507,1024
confirm,job_new2,h0,74503,1024
confirm,tour_new3,local24_random,74507,1024
confirm,job_new4,refit32,74511,1024
confirm,rgv_new4,nsga_local24,74504,1024
confirm,rgv_new4,fast_h0,74512,1024
confirm,job_new4,nsga_local24,74501,1024
confirm,rgv_new1,local24,74511,1024
confirm,job_new4,fast_v10,74509,1024
confirm,rgv_new2,fast_v10,74512,1024
confirm,job_new3,fast_v10,74501,1024
confirm,tour_new1,fast_h0,74509,1024
confirm,tour_new2,local24_random,74506,1024
confirm,job_new4,fast_v10,74506,1024
confirm,job_new3,local24_random,74510,1024
confirm,rgv_new2,fast_h0,74505,1024
confirm,tour_new4,local24,74507,1024
confirm,tour_new2,local24_random,74508,1024
confirm,tour_new2,fast_v10,74512,1024
confirm,rgv_new4,fast_h0,74501,1024
confirm,rgv_new3,nsga2_typed,74501,1024
confirm,job_new1,h0,74502,1024
confirm,job_new2,refit32,74503,1024
confirm,tour_new1,fast_h0,74508,1024
confirm,job_new1,nsga2_typed,74506,1024
confirm,tour_new1,refit32,74502,1024
confirm,job_new4,local24_random,74507,1024
confirm,rgv_new3,fast_h0,74507,1024
confirm,rgv_new4,refit32,74510,1024
confirm,tour_new1,nsga_local24,74511,1024
confirm,job_new1,local24_random,74506,1024
confirm,job_new2,h0,74501,1024
confirm,tour_new2,fast_v10,74505,1024
confirm,job_new1,fast_v10,74512,1024
confirm,tour_new2,h0,74512,1024
confirm,rgv_new2,refit32,74508,1024
confirm,job_new1,local24_random,74510,1024
confirm,rgv_new2,local24,74501,1024
confirm,tour_new4,fast_h0,74512,1024
confirm,rgv_new4,local24_random,74503,1024
confirm,tour_new4,fast_h0,74508,1024
confirm,job_new2,nsga2_typed,74501,1024
confirm,rgv_new4,nsga_local24,74503,1024
confirm,rgv_new3,h0,74501,1024
confirm,rgv_new4,local24,74510,1024
confirm,tour_new3,h0,74511,1024
confirm,job_new3,nsga2_typed,74509,1024
confirm,tour_new2,local24,74502,1024
confirm,rgv_new4,nsga_local24,74509,1024
confirm,job_new2,refit32,74507,1024
confirm,job_new3,h0,74506,1024
confirm,job_new2,nsga2_typed,74510,1024
confirm,job_new3,nsga2_typed,74508,1024
confirm,rgv_new1,fast_h0,74505,1024
confirm,tour_new1,refit32,74503,1024
confirm,job_new2,nsga_local24,74508,1024
confirm,tour_new1,h0,74507,1024
confirm,rgv_new4,fast_v10,74506,1024
confirm,job_new4,local24,74507,1024
confirm,tour_new1,nsga_local24,74504,1024
confirm,job_new4,local24,74501,1024
confirm,rgv_new1,local24,74509,1024
confirm,job_new2,refit32,74512,1024
confirm,job_new1,nsga_local24,74502,1024
confirm,job_new2,refit32,74501,1024
confirm,tour_new2,h0,74507,1024
confirm,rgv_new1,fast_h0,74508,1024
confirm,tour_new3,h0,74508,1024
confirm,job_new4,h0,74502,1024
confirm,job_new1,nsga2_typed,74503,1024
confirm,tour_new4,local24_random,74511,1024
confirm,rgv_new2,local24,74504,1024
confirm,job_new1,fast_h0,74502,1024
confirm,job_new1,nsga2_typed,74501,1024
confirm,rgv_new1,h0,74509,1024
confirm,rgv_new3,local24,74503,1024
confirm,tour_new2,local24,74506,1024
confirm,job_new1,local24_random,74509,1024
confirm,tour_new3,fast_h0,74503,1024
confirm,tour_new4,h0,74511,1024
confirm,job_new4,local24_random,74512,1024
confirm,tour_new3,fast_h0,74506,1024
confirm,tour_new4,nsga2_typed,74505,1024
confirm,tour_new4,h0,74509,1024
confirm,tour_new3,nsga_local24,74501,1024
confirm,tour_new3,local24,74507,1024
confirm,rgv_new3,local24_random,74503,1024
confirm,tour_new2,nsga_local24,74505,1024
confirm,job_new4,local24_random,74503,1024
confirm,job_new4,refit32,74505,1024
confirm,rgv_new2,refit32,74506,1024
confirm,rgv_new2,refit32,74501,1024
confirm,job_new2,local24,74509,1024
confirm,job_new2,nsga2_typed,74503,1024
confirm,job_new2,h0,74511,1024
confirm,tour_new1,refit32,74507,1024
confirm,rgv_new2,nsga2_typed,74503,1024
confirm,tour_new3,local24,74502,1024
confirm,job_new2,nsga_local24,74504,1024
confirm,job_new1,nsga2_typed,74512,1024
confirm,rgv_new3,local24_random,74511,1024
confirm,rgv_new4,fast_v10,74505,1024
confirm,tour_new4,local24,74505,1024
confirm,job_new4,h0,74505,1024
confirm,rgv_new2,h0,74512,1024
confirm,rgv_new3,nsga_local24,74511,1024
confirm,rgv_new2,local24_random,74502,1024
confirm,job_new2,h0,74502,1024
confirm,tour_new4,refit32,74502,1024
confirm,tour_new1,fast_v10,74508,1024
confirm,tour_new3,refit32,74506,1024
confirm,job_new4,local24_random,74506,1024
confirm,tour_new1,local24_random,74511,1024
confirm,tour_new3,fast_v10,74512,1024
confirm,tour_new4,refit32,74504,1024
confirm,job_new2,refit32,74508,1024
confirm,tour_new3,local24_random,74504,1024
confirm,job_new2,local24,74512,1024
confirm,job_new3,local24_random,74505,1024
confirm,tour_new3,fast_v10,74501,1024
confirm,job_new1,nsga2_typed,74504,1024
confirm,rgv_new3,h0,74509,1024
confirm,rgv_new2,refit32,74502,1024
confirm,job_new4,nsga2_typed,74507,1024
confirm,job_new2,fast_h0,74506,1024
confirm,job_new4,refit32,74506,1024
confirm,job_new1,nsga_local24,74501,1024
confirm,rgv_new1,refit32,74512,1024
confirm,tour_new3,fast_h0,74510,1024
confirm,job_new3,h0,74509,1024
confirm,tour_new3,nsga2_typed,74504,1024
confirm,job_new3,local24,74512,1024
confirm,job_new1,h0,74510,1024
confirm,rgv_new2,refit32,74503,1024
confirm,rgv_new4,nsga2_typed,74502,1024
confirm,rgv_new2,h0,74507,1024
confirm,tour_new3,h0,74509,1024
confirm,rgv_new4,refit32,74501,1024
confirm,job_new4,nsga2_typed,74505,1024
confirm,tour_new4,local24_random,74509,1024
confirm,tour_new2,nsga_local24,74503,1024
confirm,rgv_new1,local24_random,74509,1024
confirm,rgv_new4,nsga2_typed,74501,1024
confirm,job_new4,fast_v10,74501,1024
confirm,tour_new1,fast_h0,74501,1024
confirm,tour_new1,nsga_local24,74510,1024
confirm,tour_new2,refit32,74510,1024
confirm,rgv_new2,fast_v10,74509,1024
confirm,tour_new4,h0,74503,1024
confirm,rgv_new1,fast_h0,74510,1024
confirm,job_new2,nsga_local24,74503,1024
confirm,rgv_new4,nsga_local24,74505,1024
confirm,tour_new2,fast_v10,74504,1024
confirm,tour_new2,h0,74502,1024
confirm,rgv_new2,fast_v10,74506,1024
confirm,rgv_new4,local24,74502,1024
confirm,rgv_new3,refit32,74510,1024
confirm,rgv_new2,h0,74505,1024
confirm,tour_new3,nsga2_typed,74508,1024
confirm,tour_new4,nsga2_typed,74508,1024
confirm,tour_new4,refit32,74508,1024
confirm,job_new2,local24,74511,1024
confirm,job_new1,refit32,74506,1024
confirm,tour_new2,refit32,74507,1024
confirm,rgv_new4,refit32,74503,1024
confirm,job_new2,refit32,74506,1024
confirm,rgv_new1,fast_h0,74503,1024
confirm,rgv_new3,nsga2_typed,74505,1024
confirm,tour_new3,local24,74504,1024
confirm,rgv_new3,local24,74507,1024
confirm,job_new1,nsga_local24,74509,1024
confirm,tour_new4,local24,74504,1024
confirm,tour_new2,nsga2_typed,74502,1024
confirm,rgv_new4,local24_random,74508,1024
confirm,rgv_new3,local24,74501,1024
confirm,tour_new2,local24_random,74505,1024
confirm,tour_new1,local24,74512,1024
confirm,tour_new2,local24_random,74510,1024
confirm,tour_new3,nsga_local24,74505,1024
confirm,job_new4,local24,74504,1024
confirm,job_new4,h0,74504,1024
confirm,tour_new3,nsga_local24,74510,1024
confirm,rgv_new3,refit32,74503,1024
confirm,job_new3,nsga2_typed,74502,1024
confirm,tour_new4,local24,74502,1024
confirm,job_new3,nsga2_typed,74504,1024
confirm,rgv_new2,fast_h0,74502,1024
confirm,rgv_new3,nsga_local24,74503,1024
confirm,job_new3,fast_h0,74502,1024
confirm,job_new3,fast_h0,74505,1024
confirm,job_new2,refit32,74510,1024
confirm,rgv_new1,local24_random,74505,1024
confirm,tour_new2,fast_h0,74503,1024
confirm,tour_new1,h0,74502,1024
confirm,tour_new2,h0,74509,1024
confirm,rgv_new2,nsga_local24,74509,1024
confirm,job_new2,nsga2_typed,74512,1024
confirm,rgv_new4,fast_v10,74507,1024
confirm,rgv_new4,refit32,74505,1024
confirm,job_new1,nsga2_typed,74507,1024
confirm,rgv_new2,nsga2_typed,74509,1024
confirm,job_new2,local24,74503,1024
confirm,rgv_new1,nsga2_typed,74509,1024
confirm,rgv_new2,refit32,74512,1024
confirm,rgv_new2,local24_random,74504,1024
confirm,rgv_new2,local24,74505,1024
confirm,tour_new3,nsga2_typed,74506,1024
confirm,job_new4,local24,74506,1024
confirm,rgv_new2,h0,74510,1024
confirm,job_new1,local24_random,74503,1024
confirm,rgv_new2,local24,74502,1024
confirm,job_new4,fast_v10,74502,1024
confirm,tour_new3,local24_random,74510,1024
confirm,tour_new4,fast_h0,74509,1024
confirm,job_new1,nsga2_typed,74502,1024
confirm,job_new1,nsga_local24,74504,1024
confirm,job_new3,fast_h0,74504,1024
confirm,tour_new1,fast_h0,74505,1024
confirm,job_new2,nsga_local24,74506,1024
confirm,rgv_new3,fast_v10,74501,1024
confirm,rgv_new4,local24,74507,1024
confirm,job_new4,fast_v10,74512,1024
confirm,rgv_new2,nsga2_typed,74501,1024
confirm,rgv_new3,nsga_local24,74506,1024
confirm,job_new2,fast_v10,74512,1024
confirm,job_new3,nsga_local24,74511,1024
confirm,rgv_new1,refit32,74509,1024
confirm,tour_new4,nsga2_typed,74509,1024
confirm,rgv_new4,fast_v10,74503,1024
confirm,rgv_new4,fast_h0,74504,1024
confirm,tour_new1,local24_random,74505,1024
confirm,tour_new1,refit32,74510,1024
confirm,tour_new2,fast_v10,74508,1024
confirm,rgv_new4,h0,74503,1024
confirm,job_new3,nsga_local24,74501,1024
confirm,rgv_new1,refit32,74501,1024
confirm,tour_new3,fast_h0,74512,1024
confirm,tour_new1,nsga2_typed,74509,1024
confirm,job_new1,nsga_local24,74510,1024
confirm,job_new1,refit32,74502,1024
confirm,job_new3,fast_h0,74506,1024
confirm,job_new4,local24,74509,1024
confirm,tour_new1,local24_random,74502,1024
confirm,rgv_new2,local24,74510,1024
confirm,tour_new4,local24,74512,1024
confirm,job_new2,fast_v10,74504,1024
confirm,rgv_new2,fast_h0,74511,1024
confirm,rgv_new4,fast_v10,74510,1024
confirm,tour_new1,fast_h0,74511,1024
confirm,rgv_new3,local24,74504,1024
confirm,rgv_new3,h0,74503,1024
confirm,tour_new2,local24,74505,1024
confirm,tour_new1,nsga2_typed,74508,1024
confirm,job_new2,local24,74504,1024
confirm,rgv_new2,local24_random,74512,1024
confirm,tour_new4,refit32,74501,1024
confirm,tour_new1,nsga2_typed,74504,1024
confirm,tour_new1,h0,74501,1024
confirm,job_new4,refit32,74503,1024
confirm,tour_new1,nsga_local24,74505,1024
confirm,tour_new4,refit32,74509,1024
confirm,job_new2,fast_h0,74502,1024
confirm,tour_new2,nsga2_typed,74503,1024
confirm,tour_new2,nsga2_typed,74505,1024
confirm,tour_new1,fast_h0,74503,1024
confirm,job_new1,refit32,74508,1024
confirm,job_new2,fast_v10,74509,1024
confirm,rgv_new3,refit32,74511,1024
confirm,tour_new4,nsga2_typed,74510,1024
confirm,tour_new3,nsga2_typed,74502,1024
confirm,tour_new1,local24_random,74508,1024
confirm,rgv_new3,nsga2_typed,74504,1024
confirm,job_new2,local24,74510,1024
confirm,job_new1,h0,74504,1024
confirm,tour_new2,nsga_local24,74502,1024
confirm,rgv_new1,fast_v10,74503,1024
confirm,rgv_new3,local24_random,74509,1024
confirm,tour_new1,local24,74511,1024
confirm,rgv_new3,h0,74511,1024
confirm,job_new1,refit32,74503,1024
confirm,rgv_new2,refit32,74504,1024
confirm,tour_new2,nsga2_typed,74506,1024
confirm,rgv_new4,local24_random,74507,1024
confirm,rgv_new1,h0,74510,1024
confirm,job_new3,refit32,74507,1024
confirm,job_new2,h0,74507,1024
confirm,rgv_new2,h0,74504,1024
confirm,tour_new3,nsga2_typed,74511,1024
confirm,rgv_new4,local24,74506,1024
confirm,tour_new3,nsga2_typed,74507,1024
confirm,job_new1,refit32,74510,1024
confirm,tour_new4,local24,74508,1024
confirm,tour_new2,fast_h0,74501,1024
confirm,tour_new1,local24,74502,1024
confirm,rgv_new1,local24_random,74502,1024
confirm,job_new1,h0,74512,1024
confirm,job_new4,h0,74503,1024
confirm,tour_new2,local24_random,74504,1024
confirm,rgv_new4,fast_v10,74501,1024
confirm,job_new3,refit32,74509,1024
confirm,tour_new4,local24_random,74504,1024
confirm,job_new3,local24_random,74506,1024
confirm,tour_new1,h0,74504,1024
confirm,job_new1,fast_v10,74509,1024
confirm,tour_new1,nsga2_typed,74505,1024
confirm,rgv_new2,local24_random,74507,1024
confirm,rgv_new1,nsga2_typed,74506,1024
confirm,rgv_new1,nsga_local24,74501,1024
confirm,rgv_new4,local24_random,74510,1024
confirm,tour_new3,refit32,74510,1024
confirm,rgv_new4,nsga_local24,74510,1024
confirm,job_new3,fast_h0,74508,1024
confirm,tour_new4,h0,74510,1024
confirm,job_new3,local24_random,74509,1024
confirm,rgv_new4,refit32,74507,1024
confirm,job_new1,local24,74504,1024
confirm,tour_new3,nsga2_typed,74510,1024
confirm,job_new1,fast_h0,74510,1024
confirm,tour_new1,fast_h0,74510,1024
confirm,tour_new1,h0,74509,1024
serial,job_new1,local24,74602,1024
serial,job_new1,fast_v10_codec,74604,1024
serial,job_new1,fast_v10_codec,74602,1024
serial,rgv_new1,nsga_local24,74604,1024
serial,rgv_new1,refit32,74603,1024
serial,tour_new1,refit32,74604,1024
serial,tour_new1,refit32,74602,1024
serial,job_new1,refit32,74602,1024
serial,tour_new1,local24_no_cache,74601,1024
serial,tour_new1,nsga_local24,74604,1024
serial,tour_new1,fast_v10_codec,74603,1024
serial,rgv_new1,local24,74603,1024
serial,tour_new1,fast_h0,74604,1024
serial,tour_new1,h0,74601,1024
serial,tour_new1,fast_h0,74602,1024
serial,job_new1,nsga_local24,74603,1024
serial,tour_new1,fast_v10_codec,74602,1024
serial,rgv_new1,h0,74601,1024
serial,rgv_new1,h0,74604,1024
serial,job_new1,refit32,74603,1024
serial,job_new1,nsga2_typed,74601,1024
serial,rgv_new1,nsga2_typed,74602,1024
serial,tour_new1,nsga2_typed,74603,1024
serial,job_new1,local24_no_cache,74602,1024
serial,tour_new1,local24,74603,1024
serial,job_new1,fast_v10,74602,1024
serial,rgv_new1,nsga2_typed,74604,1024
serial,tour_new1,refit32,74601,1024
serial,tour_new1,fast_v10,74603,1024
serial,job_new1,local24_no_cache,74603,1024
serial,job_new1,fast_v10,74601,1024
serial,tour_new1,nsga2_typed,74601,1024
serial,tour_new1,fast_v10,74601,1024
serial,rgv_new1,fast_h0,74601,1024
serial,job_new1,fast_h0,74603,1024
serial,rgv_new1,nsga2_typed,74601,1024
serial,job_new1,nsga_local24,74601,1024
serial,job_new1,local24_no_cache,74601,1024
serial,rgv_new1,fast_v10_codec,74603,1024
serial,tour_new1,fast_v10_codec,74601,1024
serial,rgv_new1,local24_no_cache,74604,1024
serial,tour_new1,fast_h0,74603,1024
serial,tour_new1,h0,74602,1024
serial,job_new1,fast_v10,74603,1024
serial,job_new1,nsga_local24,74602,1024
serial,job_new1,refit32,74604,1024
serial,job_new1,nsga2_typed,74602,1024
serial,rgv_new1,local24_no_cache,74603,1024
serial,job_new1,fast_h0,74604,1024
serial,job_new1,nsga_local24,74604,1024
serial,job_new1,nsga2_typed,74604,1024
serial,rgv_new1,local24_no_cache,74602,1024
serial,job_new1,fast_v10,74604,1024
serial,job_new1,local24,74601,1024
serial,tour_new1,nsga2_typed,74604,1024
serial,job_new1,nsga2_typed,74603,1024
serial,job_new1,h0,74604,1024
serial,rgv_new1,nsga2_typed,74603,1024
serial,rgv_new1,h0,74603,1024
serial,rgv_new1,fast_h0,74604,1024
serial,tour_new1,local24,74604,1024
serial,tour_new1,refit32,74603,1024
serial,tour_new1,local24_no_cache,74603,1024
serial,rgv_new1,fast_v10_codec,74602,1024
serial,job_new1,local24,74604,1024
serial,rgv_new1,fast_v10,74603,1024
serial,tour_new1,nsga_local24,74601,1024
serial,rgv_new1,nsga_local24,74602,1024
serial,tour_new1,h0,74603,1024
serial,rgv_new1,fast_v10,74604,1024
serial,job_new1,h0,74603,1024
serial,tour_new1,local24,74602,1024
serial,rgv_new1,h0,74602,1024
serial,rgv_new1,local24,74602,1024
serial,tour_new1,local24_no_cache,74602,1024
serial,rgv_new1,local24,74604,1024
serial,rgv_new1,local24,74601,1024
serial,tour_new1,nsga2_typed,74602,1024
serial,rgv_new1,nsga_local24,74603,1024
serial,rgv_new1,fast_v10_codec,74601,1024
serial,tour_new1,fast_v10,74602,1024
serial,tour_new1,nsga_local24,74603,1024
serial,tour_new1,fast_v10,74604,1024
serial,tour_new1,fast_v10_codec,74604,1024
serial,job_new1,refit32,74601,1024
serial,tour_new1,local24_no_cache,74604,1024
serial,rgv_new1,refit32,74604,1024
serial,job_new1,local24,74603,1024
serial,job_new1,fast_h0,74601,1024
serial,tour_new1,local24,74601,1024
serial,job_new1,h0,74602,1024
serial,rgv_new1,fast_h0,74602,1024
serial,rgv_new1,local24_no_cache,74601,1024
serial,tour_new1,fast_h0,74601,1024
serial,tour_new1,nsga_local24,74602,1024
serial,rgv_new1,fast_h0,74603,1024
serial,rgv_new1,fast_v10,74601,1024
serial,rgv_new1,nsga_local24,74601,1024
serial,rgv_new1,refit32,74602,1024
serial,job_new1,fast_v10_codec,74601,1024
serial,job_new1,fast_v10_codec,74603,1024
serial,job_new1,fast_h0,74602,1024
serial,rgv_new1,refit32,74601,1024
serial,job_new1,local24_no_cache,74604,1024
serial,rgv_new1,fast_v10,74602,1024
serial,rgv_new1,fast_v10_codec,74604,1024
serial,job_new1,h0,74601,1024
serial,tour_new1,h0,74604,1024
original,rgv_g2,fast_v10,74803,1024
original,rgv_g2,h0,74804,1024
original,rgv_g3,h0,74803,1024
original,rgv_g2,local24,74801,1024
original,rgv_g3,nsga2_typed,74804,1024
original,rgv_g1,nsga2_typed,74804,1024
original,rgv_g3,local24,74803,1024
original,rgv_g1,local24,74801,1024
original,rgv_g2,nsga2_typed,74803,1024
original,rgv_g3,local24,74802,1024
original,rgv_g2,fast_v10,74804,1024
original,rgv_g1,fast_v10,74803,1024
original,rgv_g2,local24,74802,1024
original,rgv_g3,fast_h0,74804,1024
original,rgv_g2,fast_h0,74801,1024
original,rgv_g2,h0,74803,1024
original,rgv_g3,fast_h0,74801,1024
original,rgv_g1,local24,74804,1024
original,rgv_g2,fast_v10,74802,1024
original,rgv_g3,nsga2_typed,74801,1024
original,rgv_g1,h0,74804,1024
original,rgv_g3,fast_v10,74803,1024
original,rgv_g3,nsga2_typed,74803,1024
original,rgv_g1,fast_h0,74804,1024
original,rgv_g1,fast_h0,74801,1024
original,rgv_g2,fast_h0,74804,1024
original,rgv_g2,local24,74803,1024
original,rgv_g2,local24,74804,1024
original,rgv_g2,nsga2_typed,74804,1024
original,rgv_g1,fast_v10,74802,1024
original,rgv_g3,fast_h0,74802,1024
original,rgv_g2,nsga2_typed,74802,1024
original,rgv_g1,nsga2_typed,74801,1024
original,rgv_g3,nsga2_typed,74802,1024
original,rgv_g1,local24,74803,1024
original,rgv_g3,local24,74804,1024
original,rgv_g3,local24,74801,1024
original,rgv_g3,fast_v10,74802,1024
original,rgv_g1,h0,74803,1024
original,rgv_g2,fast_v10,74801,1024
original,rgv_g1,fast_h0,74803,1024
original,rgv_g1,h0,74802,1024
original,rgv_g3,h0,74801,1024
original,rgv_g3,fast_v10,74801,1024
original,rgv_g2,fast_h0,74803,1024
original,rgv_g2,h0,74801,1024
original,rgv_g1,fast_v10,74801,1024
original,rgv_g1,fast_h0,74802,1024
original,rgv_g1,fast_v10,74804,1024
original,rgv_g3,fast_v10,74804,1024
original,rgv_g2,h0,74802,1024
original,rgv_g3,h0,74802,1024
original,rgv_g2,nsga2_typed,74801,1024
original,rgv_g1,nsga2_typed,74802,1024
original,rgv_g3,h0,74804,1024
original,rgv_g1,local24,74802,1024
original,rgv_g2,fast_h0,74802,1024
original,rgv_g1,nsga2_typed,74803,1024
original,rgv_g1,h0,74801,1024
original,rgv_g3,fast_h0,74803,1024
stress,tour_stress16,fast_v10,74701,2048
stress,tour_stress16,h0,74702,2048
stress,job_stress16,h0,74702,2048
stress,job_stress12,local24,74702,2048
stress,job_stress16,nsga2_typed,74703,2048
stress,job_stress12,nsga2_typed,74701,2048
stress,job_stress16,local24,74702,2048
stress,tour_stress12,local24,74701,2048
stress,tour_stress16,nsga2_typed,74701,2048
stress,job_stress16,local24,74701,2048
stress,tour_stress16,fast_v10,74702,2048
stress,tour_stress12,fast_v10,74703,2048
stress,job_stress12,local24,74703,2048
stress,job_stress16,fast_h0,74703,2048
stress,job_stress12,fast_h0,74702,2048
stress,tour_stress16,h0,74701,2048
stress,tour_stress16,fast_h0,74703,2048
stress,job_stress12,local24,74701,2048
stress,job_stress12,fast_v10,74703,2048
stress,tour_stress16,nsga2_typed,74703,2048
stress,job_stress12,h0,74701,2048
stress,job_stress16,fast_v10,74702,2048
stress,job_stress16,nsga2_typed,74702,2048
stress,job_stress12,fast_h0,74701,2048
stress,tour_stress12,fast_h0,74701,2048
stress,tour_stress16,fast_h0,74702,2048
stress,tour_stress16,local24,74701,2048
stress,tour_stress16,local24,74702,2048
stress,tour_stress16,nsga2_typed,74702,2048
stress,tour_stress12,fast_v10,74702,2048
stress,job_stress16,fast_h0,74701,2048
stress,job_stress12,nsga2_typed,74703,2048
stress,tour_stress12,nsga2_typed,74701,2048
stress,job_stress16,nsga2_typed,74701,2048
stress,tour_stress12,local24,74703,2048
stress,job_stress16,local24,74703,2048
stress,tour_stress16,local24,74703,2048
stress,job_stress16,fast_v10,74701,2048
stress,tour_stress12,h0,74703,2048
stress,job_stress12,fast_v10,74702,2048
stress,tour_stress12,fast_h0,74703,2048
stress,tour_stress12,h0,74702,2048
stress,tour_stress16,h0,74703,2048
stress,tour_stress16,fast_v10,74703,2048
stress,tour_stress16,fast_h0,74701,2048
stress,job_stress12,h0,74702,2048
stress,tour_stress12,fast_v10,74701,2048
stress,tour_stress12,fast_h0,74702,2048
stress,job_stress12,fast_v10,74701,2048
stress,job_stress16,fast_v10,74703,2048
stress,job_stress12,h0,74703,2048
stress,job_stress16,h0,74701,2048
stress,job_stress12,nsga2_typed,74702,2048
stress,tour_stress12,nsga2_typed,74702,2048
stress,job_stress16,h0,74703,2048
stress,tour_stress12,local24,74702,2048
stress,job_stress12,fast_h0,74703,2048
stress,tour_stress12,nsga2_typed,74703,2048
stress,tour_stress12,h0,74701,2048
stress,job_stress16,fast_h0,74702,2048
cap_ablation,rgv_new1,local7,74501,1024
cap_ablation,rgv_new1,local7,74502,1024
cap_ablation,rgv_new1,local7,74503,1024
cap_ablation,rgv_new1,local7,74504,1024
cap_ablation,rgv_new1,local7,74505,1024
cap_ablation,rgv_new1,local7,74506,1024
cap_ablation,rgv_new2,local7,74501,1024
cap_ablation,rgv_new2,local7,74502,1024
cap_ablation,rgv_new2,local7,74503,1024
cap_ablation,rgv_new2,local7,74504,1024
cap_ablation,rgv_new2,local7,74505,1024
cap_ablation,rgv_new2,local7,74506,1024
cap_ablation,rgv_new3,local7,74501,1024
cap_ablation,rgv_new3,local7,74502,1024
cap_ablation,rgv_new3,local7,74503,1024
cap_ablation,rgv_new3,local7,74504,1024
cap_ablation,rgv_new3,local7,74505,1024
cap_ablation,rgv_new3,local7,74506,1024
cap_ablation,rgv_new4,local7,74501,1024
cap_ablation,rgv_new4,local7,74502,1024
cap_ablation,rgv_new4,local7,74503,1024
cap_ablation,rgv_new4,local7,74504,1024
cap_ablation,rgv_new4,local7,74505,1024
cap_ablation,rgv_new4,local7,74506,1024
cap_ablation,tour_new1,local7,74501,1024
cap_ablation,tour_new1,local7,74502,1024
cap_ablation,tour_new1,local7,74503,1024
cap_ablation,tour_new1,local7,74504,1024
cap_ablation,tour_new1,local7,74505,1024
cap_ablation,tour_new1,local7,74506,1024
cap_ablation,tour_new2,local7,74501,1024
cap_ablation,tour_new2,local7,74502,1024
cap_ablation,tour_new2,local7,74503,1024
cap_ablation,tour_new2,local7,74504,1024
cap_ablation,tour_new2,local7,74505,1024
cap_ablation,tour_new2,local7,74506,1024
cap_ablation,tour_new3,local7,74501,1024
cap_ablation,tour_new3,local7,74502,1024
cap_ablation,tour_new3,local7,74503,1024
cap_ablation,tour_new3,local7,74504,1024
cap_ablation,tour_new3,local7,74505,1024
cap_ablation,tour_new3,local7,74506,1024
cap_ablation,tour_new4,local7,74501,1024
cap_ablation,tour_new4,local7,74502,1024
cap_ablation,tour_new4,local7,74503,1024
cap_ablation,tour_new4,local7,74504,1024
cap_ablation,tour_new4,local7,74505,1024
cap_ablation,tour_new4,local7,74506,1024
cap_ablation,job_new1,local7,74501,1024
cap_ablation,job_new1,local7,74502,1024
cap_ablation,job_new1,local7,74503,1024
cap_ablation,job_new1,local7,74504,1024
cap_ablation,job_new1,local7,74505,1024
cap_ablation,job_new1,local7,74506,1024
cap_ablation,job_new2,local7,74501,1024
cap_ablation,job_new2,local7,74502,1024
cap_ablation,job_new2,local7,74503,1024
cap_ablation,job_new2,local7,74504,1024
cap_ablation,job_new2,local7,74505,1024
cap_ablation,job_new2,local7,74506,1024
cap_ablation,job_new3,local7,74501,1024
cap_ablation,job_new3,local7,74502,1024
cap_ablation,job_new3,local7,74503,1024
cap_ablation,job_new3,local7,74504,1024
cap_ablation,job_new3,local7,74505,1024
cap_ablation,job_new3,local7,74506,1024
cap_ablation,job_new4,local7,74501,1024
cap_ablation,job_new4,local7,74502,1024
cap_ablation,job_new4,local7,74503,1024
cap_ablation,job_new4,local7,74504,1024
cap_ablation,job_new4,local7,74505,1024
cap_ablation,job_new4,local7,74506,1024
baseline_codec_audit,rgv_new3,fast_v10_codec,74511,1024
baseline_codec_audit,rgv_new3,fast_v10_codec,74512,1024
baseline_codec_audit,job_new1,fast_v10_codec,74506,1024
baseline_codec_audit,tour_new2,fast_v10_codec,74506,1024
baseline_codec_audit,job_new3,fast_v10_codec,74506,1024
baseline_codec_audit,tour_new2,fast_v10_codec,74507,1024
baseline_codec_audit,job_new1,fast_v10_codec,74505,1024
baseline_codec_audit,job_new1,fast_v10_codec,74511,1024
baseline_codec_audit,job_new3,fast_v10_codec,74508,1024
baseline_codec_audit,job_new2,fast_v10_codec,74508,1024
baseline_codec_audit,rgv_new1,fast_v10_codec,74511,1024
baseline_codec_audit,tour_new3,fast_v10_codec,74501,1024
baseline_codec_audit,tour_new1,fast_v10_codec,74511,1024
baseline_codec_audit,rgv_new4,fast_v10_codec,74511,1024
baseline_codec_audit,job_new4,fast_v10_codec,74508,1024
baseline_codec_audit,rgv_new4,fast_v10_codec,74501,1024
baseline_codec_audit,job_new4,fast_v10_codec,74503,1024
baseline_codec_audit,tour_new2,fast_v10_codec,74501,1024
baseline_codec_audit,job_new2,fast_v10_codec,74511,1024
baseline_codec_audit,job_new4,fast_v10_codec,74504,1024
baseline_codec_audit,job_new4,fast_v10_codec,74502,1024
baseline_codec_audit,job_new4,fast_v10_codec,74507,1024
baseline_codec_audit,tour_new2,fast_v10_codec,74508,1024
baseline_codec_audit,rgv_new3,fast_v10_codec,74507,1024
baseline_codec_audit,job_new3,fast_v10_codec,74504,1024
baseline_codec_audit,tour_new1,fast_v10_codec,74501,1024
baseline_codec_audit,job_new3,fast_v10_codec,74502,1024
baseline_codec_audit,job_new4,fast_v10_codec,74511,1024
baseline_codec_audit,rgv_new4,fast_v10_codec,74507,1024
baseline_codec_audit,tour_new1,fast_v10_codec,74502,1024
baseline_codec_audit,tour_new4,fast_v10_codec,74510,1024
baseline_codec_audit,rgv_new4,fast_v10_codec,74503,1024
baseline_codec_audit,rgv_new2,fast_v10_codec,74512,1024
baseline_codec_audit,tour_new2,fast_v10_codec,74510,1024
baseline_codec_audit,tour_new3,fast_v10_codec,74509,1024
baseline_codec_audit,rgv_new3,fast_v10_codec,74510,1024
baseline_codec_audit,rgv_new3,fast_v10_codec,74506,1024
baseline_codec_audit,job_new3,fast_v10_codec,74511,1024
baseline_codec_audit,tour_new1,fast_v10_codec,74507,1024
baseline_codec_audit,rgv_new3,fast_v10_codec,74501,1024
baseline_codec_audit,job_new3,fast_v10_codec,74512,1024
baseline_codec_audit,rgv_new2,fast_v10_codec,74502,1024
baseline_codec_audit,job_new1,fast_v10_codec,74510,1024
baseline_codec_audit,tour_new4,fast_v10_codec,74512,1024
baseline_codec_audit,rgv_new4,fast_v10_codec,74508,1024
baseline_codec_audit,job_new4,fast_v10_codec,74505,1024
baseline_codec_audit,job_new1,fast_v10_codec,74501,1024
baseline_codec_audit,rgv_new1,fast_v10_codec,74504,1024
baseline_codec_audit,tour_new3,fast_v10_codec,74508,1024
baseline_codec_audit,tour_new3,fast_v10_codec,74511,1024
baseline_codec_audit,job_new1,fast_v10_codec,74509,1024
baseline_codec_audit,job_new2,fast_v10_codec,74507,1024
baseline_codec_audit,rgv_new1,fast_v10_codec,74512,1024
baseline_codec_audit,job_new2,fast_v10_codec,74510,1024
baseline_codec_audit,job_new3,fast_v10_codec,74505,1024
baseline_codec_audit,rgv_new1,fast_v10_codec,74509,1024
baseline_codec_audit,tour_new1,fast_v10_codec,74504,1024
baseline_codec_audit,rgv_new2,fast_v10_codec,74509,1024
baseline_codec_audit,tour_new1,fast_v10_codec,74512,1024
baseline_codec_audit,tour_new4,fast_v10_codec,74505,1024
baseline_codec_audit,tour_new3,fast_v10_codec,74512,1024
baseline_codec_audit,job_new3,fast_v10_codec,74509,1024
baseline_codec_audit,job_new4,fast_v10_codec,74510,1024
baseline_codec_audit,rgv_new1,fast_v10_codec,74505,1024
baseline_codec_audit,tour_new4,fast_v10_codec,74506,1024
baseline_codec_audit,tour_new4,fast_v10_codec,74511,1024
baseline_codec_audit,tour_new2,fast_v10_codec,74509,1024
baseline_codec_audit,tour_new3,fast_v10_codec,74510,1024
baseline_codec_audit,rgv_new4,fast_v10_codec,74502,1024
baseline_codec_audit,rgv_new3,fast_v10_codec,74502,1024
baseline_codec_audit,rgv_new1,fast_v10_codec,74503,1024
baseline_codec_audit,tour_new1,fast_v10_codec,74506,1024
baseline_codec_audit,job_new4,fast_v10_codec,74512,1024
baseline_codec_audit,rgv_new4,fast_v10_codec,74504,1024
baseline_codec_audit,job_new3,fast_v10_codec,74501,1024
baseline_codec_audit,rgv_new2,fast_v10_codec,74508,1024
baseline_codec_audit,job_new2,fast_v10_codec,74502,1024
baseline_codec_audit,tour_new2,fast_v10_codec,74502,1024
baseline_codec_audit,job_new2,fast_v10_codec,74509,1024
baseline_codec_audit,job_new2,fast_v10_codec,74512,1024
baseline_codec_audit,job_new3,fast_v10_codec,74503,1024
baseline_codec_audit,job_new2,fast_v10_codec,74505,1024
baseline_codec_audit,tour_new3,fast_v10_codec,74502,1024
baseline_codec_audit,job_new2,fast_v10_codec,74501,1024
baseline_codec_audit,tour_new1,fast_v10_codec,74509,1024
baseline_codec_audit,rgv_new2,fast_v10_codec,74505,1024
baseline_codec_audit,tour_new1,fast_v10_codec,74508,1024
baseline_codec_audit,job_new3,fast_v10_codec,74507,1024
baseline_codec_audit,job_new1,fast_v10_codec,74503,1024
baseline_codec_audit,job_new4,fast_v10_codec,74509,1024
baseline_codec_audit,tour_new2,fast_v10_codec,74512,1024
baseline_codec_audit,job_new1,fast_v10_codec,74512,1024
baseline_codec_audit,rgv_new2,fast_v10_codec,74510,1024
baseline_codec_audit,rgv_new3,fast_v10_codec,74508,1024
baseline_codec_audit,job_new1,fast_v10_codec,74507,1024
baseline_codec_audit,rgv_new1,fast_v10_codec,74510,1024
baseline_codec_audit,tour_new3,fast_v10_codec,74503,1024
baseline_codec_audit,tour_new4,fast_v10_codec,74503,1024
baseline_codec_audit,rgv_new4,fast_v10_codec,74509,1024
baseline_codec_audit,rgv_new2,fast_v10_codec,74507,1024
baseline_codec_audit,rgv_new2,fast_v10_codec,74506,1024
baseline_codec_audit,tour_new1,fast_v10_codec,74510,1024
baseline_codec_audit,job_new3,fast_v10_codec,74510,1024
baseline_codec_audit,tour_new3,fast_v10_codec,74506,1024
baseline_codec_audit,tour_new4,fast_v10_codec,74504,1024
baseline_codec_audit,rgv_new3,fast_v10_codec,74504,1024
baseline_codec_audit,job_new1,fast_v10_codec,74508,1024
baseline_codec_audit,tour_new4,fast_v10_codec,74501,1024
baseline_codec_audit,rgv_new4,fast_v10_codec,74505,1024
baseline_codec_audit,tour_new4,fast_v10_codec,74509,1024
baseline_codec_audit,tour_new4,fast_v10_codec,74507,1024
baseline_codec_audit,tour_new1,fast_v10_codec,74503,1024
baseline_codec_audit,job_new1,fast_v10_codec,74504,1024
baseline_codec_audit,rgv_new2,fast_v10_codec,74503,1024
baseline_codec_audit,tour_new1,fast_v10_codec,74505,1024
baseline_codec_audit,rgv_new2,fast_v10_codec,74501,1024
baseline_codec_audit,rgv_new1,fast_v10_codec,74506,1024
baseline_codec_audit,rgv_new3,fast_v10_codec,74509,1024
baseline_codec_audit,rgv_new4,fast_v10_codec,74512,1024
baseline_codec_audit,rgv_new3,fast_v10_codec,74503,1024
baseline_codec_audit,rgv_new1,fast_v10_codec,74502,1024
baseline_codec_audit,rgv_new4,fast_v10_codec,74510,1024
baseline_codec_audit,tour_new2,fast_v10_codec,74504,1024
baseline_codec_audit,tour_new2,fast_v10_codec,74503,1024
baseline_codec_audit,job_new4,fast_v10_codec,74501,1024
baseline_codec_audit,tour_new2,fast_v10_codec,74505,1024
baseline_codec_audit,tour_new2,fast_v10_codec,74511,1024
baseline_codec_audit,tour_new3,fast_v10_codec,74507,1024
baseline_codec_audit,job_new2,fast_v10_codec,74506,1024
baseline_codec_audit,rgv_new1,fast_v10_codec,74508,1024
baseline_codec_audit,tour_new3,fast_v10_codec,74505,1024
baseline_codec_audit,rgv_new4,fast_v10_codec,74506,1024
baseline_codec_audit,job_new2,fast_v10_codec,74503,1024
baseline_codec_audit,rgv_new2,fast_v10_codec,74511,1024
baseline_codec_audit,job_new1,fast_v10_codec,74502,1024
baseline_codec_audit,rgv_new1,fast_v10_codec,74501,1024
baseline_codec_audit,rgv_new2,fast_v10_codec,74504,1024
baseline_codec_audit,tour_new4,fast_v10_codec,74508,1024
baseline_codec_audit,job_new2,fast_v10_codec,74504,1024
baseline_codec_audit,tour_new4,fast_v10_codec,74502,1024
baseline_codec_audit,rgv_new1,fast_v10_codec,74507,1024
baseline_codec_audit,tour_new3,fast_v10_codec,74504,1024
baseline_codec_audit,rgv_new3,fast_v10_codec,74505,1024
baseline_codec_audit,job_new4,fast_v10_codec,74506,1024
