task,algorithm,seed,feature_cache_hits,feature_cache_misses,hv_cache_rebuilds,hv_cache_hits,neighbor_builds,neighbor_cache_hits,neighbor_filter_checks,mean_pool_size,max_pool_size
tour_new2,local24,74504,15229,1176,23,750,25,748,32010,10.045278137128072,25.0
tour_new3,fast_h0,74501,10364,1274,37,732,0,0,0,3.8985695708712615,8.0
tour_new4,h0,74508,0,0,0,0,0,0,0,,
rgv_new3,refit32,74509,18700,2010,16,763,0,0,0,5.019255455712452,8.0
rgv_new1,local24,74506,18035,2810,16,745,70,691,38522,16.038107752956638,25.0
rgv_new1,refit32,74508,18966,2068,8,734,0,0,0,5.706199460916442,8.0
tour_new2,fast_h0,74507,10781,1371,28,729,0,0,0,4.639365918097754,8.0
rgv_new2,h0,74506,0,0,0,0,0,0,0,,
tour_new2,h0,74505,0,0,0,0,0,0,0,,
rgv_new2,local24,74509,14568,2104,14,776,50,740,33656,10.167088607594936,25.0
tour_new3,local24,74512,14593,1197,22,745,26,741,28380,9.322033898305085,25.0
rgv_new3,fast_h0,74511,11089,2385,13,768,0,0,0,6.189500640204866,8.0
tour_new3,h0,74502,0,0,0,0,0,0,0,,
tour_new3,fast_h0,74508,10079,1132,28,730,0,0,0,3.391820580474934,8.0
rgv_new4,local24,74504,15807,2829,15,741,94,662,32585,13.222222222222221,25.0
job_new3,fast_h0,74509,11039,1661,37,703,0,0,0,5.486486486486487,8.0
job_new2,fast_h0,74504,11430,1567,40,735,0,0,0,5.621935483870968,8.0
job_new3,local24,74509,17594,1681,42,731,43,730,30728,13.758085381630012,25.0
tour_new4,refit32,74503,19138,1471,42,731,0,0,0,4.927554980595084,8.0
rgv_new4,h0,74511,0,0,0,0,0,0,0,,
job_new1,fast_h0,74508,10706,1143,21,738,0,0,0,4.227931488801054,8.0
rgv_new1,fast_h0,74501,11290,2145,12,772,0,0,0,6.116071428571429,8.0
rgv_new4,fast_h0,74507,10401,2137,19,762,0,0,0,4.991037131882202,8.0
job_new3,refit32,74504,19449,1462,37,759,0,0,0,5.164572864321608,8.0
job_new2,fast_h0,74507,11223,1647,38,728,0,0,0,5.522193211488251,8.0
tour_new3,local24,74505,14378,1105,21,727,25,723,27814,9.148395721925134,25.0
job_new3,refit32,74506,19091,1716,60,707,0,0,0,5.224250325945241,8.0
tour_new4,fast_h0,74510,10952,1444,54,741,0,0,0,4.724528301886792,8.0
job_new3,h0,74505,0,0,0,0,0,0,0,,
rgv_new4,refit32,74508,19166,1791,20,727,0,0,0,5.564926372155288,8.0
job_new1,refit32,74504,18982,1161,23,767,0,0,0,4.2316455696202535,8.0
job_new4,local24,74511,15714,1413,36,721,39,718,25842,11.211360634081903,25.0
rgv_new2,refit32,74507,18639,1750,11,765,0,0,0,4.625,8.0
job_new3,local24,74506,18195,1698,53,724,50,727,31409,14.482625482625483,25.0
tour_new2,local24,74503,15804,1087,15,733,19,729,32526,11.030748663101605,25.0
job_new4,h0,74510,0,0,0,0,0,0,0,,
tour_new2,refit32,74508,19271,1391,36,731,0,0,0,5.0352020860495434,8.0
job_new3,fast_h0,74507,10796,1580,33,724,0,0,0,4.935270805812418,8.0
tour_new3,local24,74511,14726,1135,24,728,25,727,28120,9.602393617021276,25.0
job_new2,h0,74506,0,0,0,0,0,0,0,,
tour_new1,refit32,74506,19569,1590,35,724,0,0,0,5.743083003952569,8.0
rgv_new3,h0,74502,0,0,0,0,0,0,0,,
tour_new3,h0,74504,0,0,0,0,0,0,0,,
tour_new4,refit32,74510,18889,1545,54,715,0,0,0,4.725617685305592,8.0
job_new3,fast_h0,74511,10919,1676,38,726,0,0,0,5.1767015706806285,8.0
rgv_new1,refit32,74506,19513,2097,15,767,0,0,0,6.150895140664962,8.0
rgv_new3,fast_h0,74506,11020,2239,14,764,0,0,0,5.9370179948586115,8.0
rgv_new4,local24,74508,15483,2059,20,759,65,714,32733,11.427471116816431,25.0
job_new2,local24,74502,17335,1475,45,717,42,720,29519,13.346456692913385,25.0
job_new2,h0,74509,0,0,0,0,0,0,0,,
rgv_new2,local24,74506,13682,2427,19,739,61,697,32377,9.853562005277045,25.0
job_new4,fast_h0,74509,10629,1329,38,740,0,0,0,4.26478149100257,8.0
rgv_new1,fast_h0,74512,11293,2189,11,768,0,0,0,6.2156611039794605,8.0
job_new3,fast_h0,74510,10799,1338,29,743,0,0,0,4.52979274611399,8.0
tour_new1,fast_h0,74504,11293,1608,39,708,0,0,0,5.704149933065596,8.0
tour_new1,refit32,74509,19786,1570,33,735,0,0,0,5.932291666666667,8.0
tour_new3,refit32,74501,18513,1260,32,744,0,0,0,3.8311855670103094,8.0
tour_new2,fast_h0,74511,10814,1463,52,696,0,0,0,4.862299465240642,8.0
job_new3,refit32,74508,19101,1505,43,721,0,0,0,4.981675392670157,8.0
job_new2,fast_h0,74510,11249,1712,63,696,0,0,0,5.693017127799736,8.0
job_new2,h0,74508,0,0,0,0,0,0,0,,
job_new1,fast_h0,74512,10559,1235,22,747,0,0,0,4.1014304291287385,8.0
job_new4,fast_h0,74510,10929,1373,43,739,0,0,0,4.6828644501278776,8.0
job_new4,fast_h0,74508,10361,1278,39,708,0,0,0,4.014725568942437,8.0
tour_new1,refit32,74512,19423,1624,45,712,0,0,0,5.6103038309114925,8.0
tour_new1,local24,74508,18372,1489,37,753,41,749,32025,14.20379746835443,25.0
job_new2,h0,74504,0,0,0,0,0,0,0,,
rgv_new4,fast_h0,74505,10699,1588,11,756,0,0,0,4.754889178617992,8.0
job_new4,local24,74510,14885,1227,33,740,39,734,24768,9.666235446313067,25.0
rgv_new4,local24,74503,14844,1968,13,767,52,728,35065,10.476923076923077,25.0
job_new1,local24,74511,14510,1019,17,770,24,763,26624,8.753494282083862,25.0
job_new1,local24,74505,13788,1203,27,731,30,728,24132,8.378627968337732,25.0
job_new4,fast_h0,74507,10798,1362,27,760,0,0,0,4.472681067344346,8.0
tour_new2,local24,74512,15218,1150,18,731,22,727,31659,10.317757009345794,25.0
job_new4,fast_h0,74502,10552,1183,28,729,0,0,0,4.088507265521796,8.0
tour_new2,refit32,74511,18925,1526,50,702,0,0,0,4.855053191489362,8.0
rgv_new4,h0,74502,0,0,0,0,0,0,0,,
job_new4,fast_h0,74506,10832,1427,36,744,0,0,0,4.63974358974359,8.0
job_new4,fast_h0,74511,10896,1435,41,721,0,0,0,4.843832020997375,8.0
job_new4,h0,74507,0,0,0,0,0,0,0,,
tour_new1,local24,74503,17386,1512,47,706,45,708,29142,13.622841965471448,25.0
tour_new1,local24,74501,17533,1335,39,743,40,742,29762,13.07928388746803,25.0
rgv_new3,h0,74510,0,0,0,0,0,0,0,,
job_new3,h0,74504,0,0,0,0,0,0,0,,
rgv_new4,h0,74510,0,0,0,0,0,0,0,,
tour_new2,local24,74507,16323,1278,30,734,29,735,34189,11.729057591623036,25.0
rgv_new1,h0,74511,0,0,0,0,0,0,0,,
tour_new2,refit32,74512,19070,1242,19,746,0,0,0,4.590849673202614,8.0
rgv_new2,local24,74503,15821,2212,17,757,55,719,34044,12.135658914728682,25.0
tour_new1,fast_h0,74512,11360,1595,43,718,0,0,0,5.670170827858081,8.0
tour_new4,refit32,74511,19177,1473,46,726,0,0,0,4.987046632124352,8.0
tour_new4,fast_h0,74502,11090,1526,39,725,0,0,0,5.204188481675392,8.0
job_new3,refit32,74505,19714,1549,39,753,0,0,0,5.63510101010101,8.0
rgv_new4,local24,74505,14244,2344,14,756,63,707,33783,10.322077922077922,25.0
rgv_new3,refit32,74507,18665,1879,11,758,0,0,0,4.868660598179454,8.0
job_new3,h0,74501,0,0,0,0,0,0,0,,
rgv_new2,fast_h0,74508,10471,1891,13,765,0,0,0,4.784061696658098,8.0
job_new1,h0,74505,0,0,0,0,0,0,0,,
rgv_new2,local24,74511,14263,2274,11,749,57,703,32934,10.39078947368421,25.0
job_new1,local24,74512,14329,1114,23,745,27,741,25674,8.858072916666666,25.0
tour_new1,h0,74506,0,0,0,0,0,0,0,,
job_new4,local24,74508,14195,1136,32,718,32,718,23622,8.921333333333333,25.0
job_new2,refit32,74509,19276,1708,49,716,0,0,0,5.469281045751634,8.0
tour_new4,h0,74507,0,0,0,0,0,0,0,,
tour_new4,refit32,74506,19021,1489,37,750,0,0,0,4.714104193138501,8.0
job_new1,h0,74507,0,0,0,0,0,0,0,,
rgv_new1,h0,74501,0,0,0,0,0,0,0,,
job_new2,local24,74505,18242,1857,57,696,55,698,31032,15.217795484727755,25.0
tour_new2,refit32,74506,19237,1306,25,744,0,0,0,4.8673602080624185,8.0
tour_new2,local24,74510,15935,1695,47,700,47,700,32126,12.034805890227577,25.0
job_new3,refit32,74510,19529,1406,31,757,0,0,0,5.24746192893401,8.0
tour_new2,local24,74511,16484,1280,29,731,28,732,32946,12.005263157894737,25.0
job_new3,fast_h0,74501,11082,1695,43,713,0,0,0,5.472222222222222,8.0
job_new1,fast_h0,74506,10735,1206,27,727,0,0,0,4.377984084880636,8.0
tour_new1,refit32,74505,19615,1570,43,709,0,0,0,5.8311170212765955,8.0
job_new4,local24,74503,15384,1382,45,742,45,742,26107,10.32528589580686,25.0
job_new3,local24,74501,16365,1570,42,706,44,704,28495,12.426470588235293,25.0
tour_new3,refit32,74503,18730,1169,27,763,0,0,0,3.9227848101265823,8.0
job_new4,refit32,74501,18842,1335,33,744,0,0,0,4.346203346203346,8.0
rgv_new2,fast_h0,74501,10372,2006,12,742,0,0,0,4.957559681697613,8.0
rgv_new2,h0,74503,0,0,0,0,0,0,0,,
tour_new2,h0,74510,0,0,0,0,0,0,0,,
tour_new4,local24,74501,16413,1371,37,727,38,726,27668,11.968586387434556,25.0
rgv_new1,local24,74505,16971,2508,18,751,55,714,40140,14.094928478543563,25.0
tour_new3,h0,74506,0,0,0,0,0,0,0,,
rgv_new3,refit32,74501,18441,1889,9,755,0,0,0,4.62041884816754,8.0
job_new1,refit32,74509,18809,1176,19,741,0,0,0,4.190789473684211,8.0
rgv_new1,local24,74502,16453,2819,13,738,68,683,37577,14.157123834886818,25.0
job_new4,fast_h0,74501,10874,1577,43,745,0,0,0,4.836294416243655,8.0
rgv_new4,local24,74509,16230,2961,20,757,97,680,36898,13.579150579150578,25.0
rgv_new1,fast_h0,74504,11180,2352,12,755,0,0,0,6.378096479791395,8.0
tour_new1,h0,74503,0,0,0,0,0,0,0,,
rgv_new2,fast_h0,74512,10354,2130,11,763,0,0,0,4.96640826873385,8.0
tour_new3,fast_h0,74511,10247,1178,29,740,0,0,0,3.6215864759427827,8.0
rgv_new3,refit32,74504,18959,2141,13,777,0,0,0,5.443037974683544,8.0
tour_new4,fast_h0,74504,10875,1491,37,737,0,0,0,4.813953488372093,8.0
job_new1,refit32,74505,18869,1179,23,752,0,0,0,4.190967741935484,8.0
job_new1,h0,74501,0,0,0,0,0,0,0,,
tour_new2,h0,74504,0,0,0,0,0,0,0,,
rgv_new4,h0,74506,0,0,0,0,0,0,0,,
rgv_new1,fast_h0,74506,11372,2224,11,759,0,0,0,6.4363636363636365,8.0
tour_new1,h0,74511,0,0,0,0,0,0,0,,
job_new1,local24,74507,15398,1250,35,725,35,725,25602,10.536842105263158,25.0
tour_new3,refit32,74511,18556,1223,27,723,0,0,0,3.972,8.0
job_new3,local24,74502,17715,1669,43,740,43,740,31794,13.721583652618135,25.0
rgv_new4,h0,74505,0,0,0,0,0,0,0,,
rgv_new3,h0,74508,0,0,0,0,0,0,0,,
tour_new4,h0,74502,0,0,0,0,0,0,0,,
rgv_new1,local24,74504,18156,2160,12,772,50,734,40168,14.892857142857142,25.0
rgv_new2,refit32,74509,18751,1907,16,755,0,0,0,5.003891050583658,8.0
rgv_new2,refit32,74511,18401,2029,12,758,0,0,0,4.714285714285714,8.0
rgv_new3,fast_h0,74501,10325,1906,10,738,0,0,0,4.800802139037433,8.0
job_new3,local24,74511,17305,1711,44,731,45,730,30152,13.388387096774194,25.0
rgv_new2,local24,74508,14101,2337,12,742,61,693,33980,10.342175066312997,25.0
tour_new1,refit32,74511,19652,1619,44,737,0,0,0,5.7247119078105,8.0
rgv_new4,local24,74501,15152,2432,19,750,70,699,32722,11.630689206762028,25.0
job_new4,refit32,74508,18926,1452,36,729,0,0,0,4.677124183006536,8.0
tour_new2,fast_h0,74512,10656,1168,19,740,0,0,0,4.194993412384717,8.0
tour_new4,refit32,74507,18904,1447,26,714,0,0,0,4.798648648648649,8.0
tour_new4,h0,74505,0,0,0,0,0,0,0,,
job_new1,h0,74503,0,0,0,0,0,0,0,,
job_new3,h0,74508,0,0,0,0,0,0,0,,
rgv_new3,local24,74511,15988,2597,16,744,71,689,35157,13.085526315789474,25.0
tour_new2,fast_h0,74508,10765,1308,40,724,0,0,0,4.4934554973821985,8.0
tour_new2,h0,74511,0,0,0,0,0,0,0,,
job_new2,fast_h0,74503,11505,1566,39,735,0,0,0,5.724806201550388,8.0
rgv_new3,h0,74506,0,0,0,0,0,0,0,,
job_new3,h0,74507,0,0,0,0,0,0,0,,
job_new1,local24,74502,14946,1293,36,734,37,733,26335,9.86883116883117,25.0
rgv_new3,local24,74502,15657,2585,15,753,64,704,38571,12.502604166666666,25.0
job_new3,h0,74503,0,0,0,0,0,0,0,,
rgv_new4,fast_h0,74503,10689,1760,14,774,0,0,0,4.833756345177665,8.0
job_new3,local24,74503,16848,1558,36,742,36,742,31298,12.552699228791774,25.0
job_new2,fast_h0,74501,11386,1634,43,718,0,0,0,5.755584756898817,8.0
job_new4,fast_h0,74505,10981,1427,54,713,0,0,0,4.912646675358539,8.0
rgv_new4,refit32,74502,19014,1991,21,757,0,0,0,5.404884318766067,8.0
tour_new2,fast_h0,74509,10823,1438,32,729,0,0,0,4.758212877792379,8.0
tour_new1,local24,74509,17905,1606,47,724,46,725,31213,14.099870298313878,25.0
job_new3,fast_h0,74512,11323,1756,39,697,0,0,0,6.03125,8.0
tour_new4,local24,74503,15531,1477,38,713,40,711,26786,11.14247669773635,25.0
job_new1,refit32,74501,18860,1121,18,735,0,0,0,4.224435590969455,8.0
rgv_new3,h0,74505,0,0,0,0,0,0,0,,
tour_new2,h0,74506,0,0,0,0,0,0,0,,
tour_new1,refit32,74504,19675,1585,39,737,0,0,0,5.747422680412371,8.0
tour_new1,fast_h0,74507,11507,1554,30,748,0,0,0,5.682519280205655,8.0
tour_new3,local24,74503,15161,1301,33,750,34,749,29306,9.989782886334611,25.0
tour_new4,refit32,74505,19250,1479,40,725,0,0,0,5.135947712418301,8.0
rgv_new3,refit32,74505,18517,1923,13,757,0,0,0,4.7272727272727275,8.0
rgv_new3,local24,74505,15282,2208,14,754,48,720,36876,11.5234375,25.0
job_new2,local24,74501,16645,1487,40,701,41,700,28255,12.809716599190283,25.0
rgv_new3,refit32,74506,18471,1883,11,737,0,0,0,4.751336898395722,8.0
rgv_new1,refit32,74511,19255,2373,11,754,0,0,0,6.311111111111111,8.0
tour_new3,fast_h0,74504,10631,1164,22,748,0,0,0,4.097402597402597,8.0
tour_new2,h0,74508,0,0,0,0,0,0,0,,
rgv_new3,h0,74512,0,0,0,0,0,0,0,,
rgv_new1,fast_h0,74509,11466,2183,8,751,0,0,0,6.599472990777339,8.0
rgv_new4,refit32,74511,18962,1926,16,737,0,0,0,5.428950863213811,8.0
tour_new3,refit32,74512,18467,1113,16,756,0,0,0,3.6010362694300517,8.0
job_new1,local24,74509,14443,1034,19,771,25,765,26258,8.654430379746836,25.0
rgv_new1,local24,74508,18343,2283,10,768,50,728,41148,15.406169665809768,25.0
tour_new3,refit32,74504,18676,1157,22,725,0,0,0,4.0602409638554215,8.0
job_new3,refit32,74503,19038,1417,38,695,0,0,0,4.986357435197817,8.0
rgv_new4,local24,74511,15980,2520,18,757,78,697,35940,12.72258064516129,25.0
rgv_new4,h0,74501,0,0,0,0,0,0,0,,
job_new1,fast_h0,74504,10768,1166,24,733,0,0,0,4.351387054161163,8.0
job_new3,local24,74508,17235,1774,52,720,50,722,30220,13.431347150259068,25.0
rgv_new2,h0,74502,0,0,0,0,0,0,0,,
job_new3,h0,74511,0,0,0,0,0,0,0,,
job_new3,h0,74512,0,0,0,0,0,0,0,,
tour_new2,fast_h0,74504,11186,1379,30,750,0,0,0,5.032051282051282,8.0
tour_new4,h0,74501,0,0,0,0,0,0,0,,
rgv_new1,refit32,74504,19248,2063,12,709,0,0,0,6.256588072122053,8.0
tour_new3,refit32,74508,18638,1238,23,732,0,0,0,4.074172185430464,8.0
tour_new4,h0,74506,0,0,0,0,0,0,0,,
job_new4,local24,74502,14969,1199,33,730,35,728,25560,9.866317169069463,25.0
rgv_new4,refit32,74509,18873,2049,27,733,0,0,0,5.423684210526316,8.0
rgv_new4,h0,74508,0,0,0,0,0,0,0,,
job_new1,fast_h0,74505,10647,1183,23,745,0,0,0,4.153645833333333,8.0
tour_new4,local24,74506,15648,1409,32,747,39,740,27230,10.804878048780488,25.0
tour_new1,h0,74508,0,0,0,0,0,0,0,,
job_new3,h0,74510,0,0,0,0,0,0,0,,
job_new4,h0,74508,0,0,0,0,0,0,0,,
tour_new4,fast_h0,74507,10617,1331,29,740,0,0,0,4.301690507152146,8.0
rgv_new4,fast_h0,74511,10738,1819,16,755,0,0,0,5.08041504539559,8.0
job_new1,fast_h0,74511,10580,1178,17,751,0,0,0,4.059895833333333,8.0
job_new1,local24,74506,14565,1133,26,734,28,732,26003,9.286842105263158,25.0
rgv_new1,local24,74503,17935,2092,8,742,48,702,39248,15.182666666666666,25.0
job_new1,fast_h0,74507,10529,1212,36,715,0,0,0,4.129161118508655,8.0
rgv_new1,h0,74503,0,0,0,0,0,0,0,,
tour_new4,fast_h0,74506,10941,1433,34,742,0,0,0,4.811855670103093,8.0
tour_new2,refit32,74502,19024,1411,40,730,0,0,0,4.720779220779221,8.0
rgv_new4,h0,74512,0,0,0,0,0,0,0,,
job_new2,fast_h0,74508,11301,1674,43,731,0,0,0,5.60077519379845,8.0
tour_new3,h0,74505,0,0,0,0,0,0,0,,
tour_new2,local24,74509,16401,1238,24,758,25,757,34489,11.507672634271099,25.0
job_new2,refit32,74511,19516,1604,61,694,0,0,0,5.7218543046357615,8.0
tour_new2,fast_h0,74506,10895,1384,36,714,0,0,0,4.852,8.0
job_new4,refit32,74507,18845,1383,25,740,0,0,0,4.481045751633987,8.0
tour_new3,local24,74508,14655,1215,28,750,27,751,29134,9.29305912596401,25.0
rgv_new1,fast_h0,74507,11345,2445,13,774,0,0,0,6.543837357052096,8.0
rgv_new2,fast_h0,74504,10273,2000,16,748,0,0,0,4.755235602094241,8.0
tour_new4,fast_h0,74503,11145,1621,43,736,0,0,0,5.296534017971759,8.0
job_new2,local24,74507,18394,1379,35,745,37,743,31774,14.273076923076923,25.0
rgv_new1,fast_h0,74511,11163,2247,11,770,0,0,0,6.1075544174135725,8.0
tour_new1,fast_h0,74502,11476,1555,32,730,0,0,0,5.76246719160105,8.0
job_new4,local24,74505,16142,1450,41,734,42,733,26631,11.550967741935484,25.0
job_new1,fast_h0,74503,10712,1251,32,734,0,0,0,4.338120104438643,8.0
rgv_new3,fast_h0,74508,10383,2079,14,761,0,0,0,4.9316129032258065,8.0
job_new2,refit32,74504,19541,1445,34,725,0,0,0,5.515151515151516,8.0
tour_new2,refit32,74501,19010,1226,25,769,0,0,0,4.327455919395466,8.0
job_new4,h0,74511,0,0,0,0,0,0,0,,
job_new4,h0,74501,0,0,0,0,0,0,0,,
tour_new3,refit32,74505,18686,1324,32,736,0,0,0,4.1796875,8.0
job_new2,refit32,74505,19523,1923,63,702,0,0,0,6.073202614379085,8.0
tour_new1,refit32,74501,19405,1582,35,713,0,0,0,5.597593582887701,8.0
rgv_new1,refit32,74502,19326,2407,11,773,0,0,0,6.292091836734694,8.0
rgv_new2,fast_h0,74506,10455,1720,16,730,0,0,0,4.738605898123325,8.0
job_new4,refit32,74502,18728,1168,29,719,0,0,0,4.13903743315508,8.0
tour_new1,local24,74505,17581,1625,50,704,51,703,30530,14.013262599469495,25.0
job_new2,fast_h0,74509,11280,1663,53,711,0,0,0,5.632198952879581,8.0
rgv_new4,fast_h0,74508,10717,2044,27,749,0,0,0,5.310567010309279,8.0
tour_new3,fast_h0,74507,10310,1208,25,736,0,0,0,3.7818659658344282,8.0
rgv_new1,h0,74512,0,0,0,0,0,0,0,,
tour_new3,h0,74510,0,0,0,0,0,0,0,,
rgv_new4,fast_h0,74502,11008,1875,23,757,0,0,0,5.43974358974359,8.0
tour_new2,h0,74501,0,0,0,0,0,0,0,,
tour_new1,fast_h0,74506,11468,1566,35,746,0,0,0,5.626120358514725,8.0
job_new1,local24,74503,14395,1218,31,730,35,726,24900,9.16294349540079,25.0
rgv_new1,fast_h0,74502,11105,2153,11,776,0,0,0,5.867852604828463,8.0
job_new4,local24,74512,16128,1467,38,712,42,708,26844,11.94,25.0
job_new3,refit32,74511,18880,1433,38,736,0,0,0,4.538759689922481,8.0
tour_new4,h0,74512,0,0,0,0,0,0,0,,
tour_new3,fast_h0,74509,10384,1241,23,745,0,0,0,3.88671875,8.0
job_new3,local24,74507,16002,1524,36,745,39,742,29832,11.377720870678617,25.0
job_new1,h0,74506,0,0,0,0,0,0,0,,
job_new2,h0,74512,0,0,0,0,0,0,0,,
tour_new2,refit32,74505,19327,1255,17,757,0,0,0,4.886304909560724,8.0
rgv_new1,refit32,74503,19527,2297,8,762,0,0,0,6.524675324675325,8.0
tour_new4,local24,74510,15636,1355,35,709,37,707,26137,11.224462365591398,25.0
job_new4,fast_h0,74504,10987,1360,34,736,0,0,0,4.814285714285714,8.0
tour_new1,local24,74510,17376,1484,45,705,44,706,29155,13.626666666666667,25.0
job_new1,local24,74508,14145,1040,24,713,24,713,24680,8.880597014925373,25.0
rgv_new2,local24,74512,14062,2568,12,742,59,695,31374,10.596816976127322,25.0
job_new3,local24,74504,17840,1404,36,725,33,728,31399,13.934296977660972,25.0
rgv_new1,refit32,74505,19460,2290,12,761,0,0,0,6.403622250970246,8.0
rgv_new3,refit32,74508,18757,2104,17,732,0,0,0,5.421895861148197,8.0
job_new4,fast_h0,74512,10952,1498,39,744,0,0,0,4.865900383141763,8.0
tour_new2,fast_h0,74502,10965,1441,40,731,0,0,0,4.884565499351492,8.0
tour_new1,h0,74512,0,0,0,0,0,0,0,,
job_new4,refit32,74509,18816,1178,29,727,0,0,0,4.224867724867725,8.0
rgv_new3,fast_h0,74502,10645,2214,18,761,0,0,0,5.41591784338896,8.0
tour_new3,local24,74509,13880,1140,24,750,26,748,27979,8.242894056847545,25.0
job_new2,local24,74506,17334,1980,66,711,62,715,29839,13.737451737451737,25.0
rgv_new1,local24,74507,17163,2529,15,754,65,704,35699,14.371911573472042,25.0
rgv_new4,refit32,74504,19064,2272,21,754,0,0,0,5.852903225806451,8.0
job_new3,refit32,74512,19427,1695,37,724,0,0,0,5.679369250985546,8.0
rgv_new1,h0,74505,0,0,0,0,0,0,0,,
rgv_new3,fast_h0,74503,10799,2032,11,760,0,0,0,5.43579766536965,8.0
job_new2,fast_h0,74511,11163,1619,56,672,0,0,0,5.68956043956044,8.0
job_new2,h0,74510,0,0,0,0,0,0,0,,
rgv_new2,h0,74511,0,0,0,0,0,0,0,,
job_new3,local24,74505,17659,1334,29,752,31,750,31745,13.25608194622279,25.0
rgv_new3,local24,74512,14576,2392,6,745,50,701,35863,11.089214380825567,25.0
tour_new3,h0,74501,0,0,0,0,0,0,0,,
job_new1,fast_h0,74509,10474,1127,17,749,0,0,0,3.8655352480417755,8.0
tour_new4,fast_h0,74505,10882,1390,40,716,0,0,0,4.804232804232805,8.0
tour_new3,local24,74506,14461,1219,31,754,31,754,28695,8.968152866242038,25.0
job_new4,refit32,74504,18835,1315,38,727,0,0,0,4.379084967320262,8.0
job_new1,h0,74511,0,0,0,0,0,0,0,,
job_new1,local24,74501,13844,1089,21,738,26,733,24942,8.291172595520422,25.0
job_new2,h0,74505,0,0,0,0,0,0,0,,
tour_new4,fast_h0,74501,10622,1353,39,709,0,0,0,4.458556149732621,8.0
tour_new2,refit32,74504,19036,1348,36,713,0,0,0,4.785046728971962,8.0
rgv_new3,local24,74510,16288,2148,6,761,51,716,36802,12.771838331160366,25.0
job_new1,refit32,74511,18740,1178,17,751,0,0,0,4.059895833333333,8.0
rgv_new4,fast_h0,74506,10742,1669,11,759,0,0,0,4.897402597402597,8.0
rgv_new3,fast_h0,74505,10317,1877,10,737,0,0,0,4.757697456492637,8.0
tour_new3,h0,74507,0,0,0,0,0,0,0,,
tour_new1,local24,74504,17857,1375,37,731,39,729,30880,13.791666666666666,25.0
tour_new3,fast_h0,74505,10401,1344,34,723,0,0,0,4.101717305151915,8.0
job_new3,local24,74510,15698,1351,29,724,31,722,28231,11.167330677290837,25.0
tour_new1,local24,74507,17452,1536,43,726,42,727,30854,13.456436931079324,25.0
rgv_new4,h0,74504,0,0,0,0,0,0,0,,
tour_new2,refit32,74509,19251,1453,30,732,0,0,0,5.123359580052494,8.0
rgv_new2,local24,74507,14846,2787,14,735,78,671,33377,12.006675567423231,25.0
rgv_new2,refit32,74510,18702,1824,10,766,0,0,0,4.801546391752577,8.0
rgv_new4,fast_h0,74509,10814,1944,28,732,0,0,0,5.418421052631579,8.0
tour_new4,local24,74511,16044,1284,38,734,38,734,27051,11.253886010362693,25.0
job_new4,h0,74509,0,0,0,0,0,0,0,,
tour_new4,refit32,74512,18970,1397,35,756,0,0,0,4.509481668773704,8.0
job_new3,refit32,74501,19355,1360,41,743,0,0,0,4.9936224489795915,8.0
rgv_new2,fast_h0,74510,10203,2073,20,737,0,0,0,4.803170409511228,8.0
rgv_new2,refit32,74505,18519,2044,10,755,0,0,0,4.918954248366013,8.0
rgv_new1,h0,74507,0,0,0,0,0,0,0,,
rgv_new1,local24,74501,17664,2351,11,750,51,710,39482,14.947437582128778,25.0
tour_new3,local24,74501,13958,1374,37,731,34,734,27000,8.713541666666666,25.0
job_new2,refit32,74502,19651,1523,35,739,0,0,0,5.651162790697675,8.0
tour_new4,local24,74509,16630,1444,44,718,44,718,27982,12.380577427821523,25.0
rgv_new3,refit32,74502,19069,2239,22,751,0,0,0,5.831824062095731,8.0
tour_new2,local24,74508,16005,1351,28,748,30,746,32857,11.231958762886597,25.0
job_new4,h0,74506,0,0,0,0,0,0,0,,
rgv_new1,refit32,74507,19105,2416,12,748,0,0,0,6.211842105263158,8.0
rgv_new3,fast_h0,74509,10929,1878,19,765,0,0,0,5.315051020408164,8.0
rgv_new2,h0,74509,0,0,0,0,0,0,0,,
job_new1,local24,74510,14878,1212,35,746,37,744,25848,9.539052496798975,25.0
rgv_new3,fast_h0,74512,10194,2159,6,739,0,0,0,4.983892617449665,8.0
job_new1,refit32,74512,18756,1248,25,728,0,0,0,4.254980079681275,8.0
job_new4,refit32,74512,18963,1539,39,734,0,0,0,4.7891332470892625,8.0
tour_new1,h0,74505,0,0,0,0,0,0,0,,
rgv_new1,h0,74506,0,0,0,0,0,0,0,,
job_new3,refit32,74502,18981,1553,36,728,0,0,0,4.887434554973822,8.0
job_new1,fast_h0,74501,10660,1207,21,753,0,0,0,4.169250645994832,8.0
rgv_new2,fast_h0,74507,10413,1917,12,755,0,0,0,4.810951760104302,8.0
rgv_new1,h0,74504,0,0,0,0,0,0,0,,
rgv_new3,fast_h0,74510,10466,2013,13,749,0,0,0,5.0380577427821525,8.0
tour_new1,local24,74506,17963,1431,36,730,41,725,31471,14.03916449086162,25.0
tour_new3,refit32,74507,18757,1265,26,744,0,0,0,4.184415584415585,8.0
rgv_new1,h0,74508,0,0,0,0,0,0,0,,
rgv_new3,refit32,74512,18305,1999,6,763,0,0,0,4.556566970091027,8.0
job_new3,h0,74502,0,0,0,0,0,0,0,,
job_new1,refit32,74507,18919,1252,36,736,0,0,0,4.366580310880829,8.0
job_new1,h0,74509,0,0,0,0,0,0,0,,
rgv_new4,local24,74512,15686,2521,13,755,68,700,33750,12.45703125,25.0
rgv_new4,refit32,74512,18746,1616,6,746,0,0,0,4.736702127659575,8.0
rgv_new3,local24,74506,14994,2085,12,757,54,715,35597,10.973992197659298,25.0
tour_new2,refit32,74503,18964,1228,19,750,0,0,0,4.410923276983095,8.0
rgv_new2,fast_h0,74503,10368,2001,19,735,0,0,0,4.945623342175066,8.0
rgv_new2,fast_h0,74509,10333,1916,14,755,0,0,0,4.693107932379714,8.0
tour_new1,refit32,74508,19760,1572,37,724,0,0,0,5.955321944809461,8.0
rgv_new3,local24,74508,14272,2764,21,729,67,683,35460,11.194666666666667,25.0
rgv_new4,fast_h0,74510,10877,1977,30,733,0,0,0,5.522935779816514,8.0
tour_new2,fast_h0,74505,10942,1276,16,759,0,0,0,4.6167741935483875,8.0
job_new1,h0,74508,0,0,0,0,0,0,0,,
job_new2,local24,74508,18124,1362,31,741,35,737,31632,14.049222797927461,25.0
job_new2,fast_h0,74505,11317,1961,60,714,0,0,0,5.992248062015504,8.0
tour_new3,refit32,74509,18484,1114,22,749,0,0,0,3.62905317769131,8.0
job_new3,fast_h0,74503,10949,1667,47,729,0,0,0,5.123711340206185,8.0
rgv_new1,h0,74502,0,0,0,0,0,0,0,,
tour_new4,fast_h0,74511,10718,1248,40,744,0,0,0,4.24234693877551,8.0
tour_new4,h0,74504,0,0,0,0,0,0,0,,
rgv_new1,local24,74510,15990,2336,14,685,52,647,35596,13.856938483547925,25.0
job_new4,h0,74512,0,0,0,0,0,0,0,,
rgv_new1,refit32,74510,19359,2397,15,744,0,0,0,6.529644268774703,8.0
tour_new2,fast_h0,74510,10989,1484,51,705,0,0,0,5.0701058201058204,8.0
rgv_new3,h0,74504,0,0,0,0,0,0,0,,
rgv_new1,local24,74512,15968,2379,12,759,51,720,37135,12.590142671854734,25.0
rgv_new2,h0,74508,0,0,0,0,0,0,0,,
tour_new3,local24,74510,14397,1361,37,728,35,730,28284,9.304575163398694,25.0
tour_new1,h0,74510,0,0,0,0,0,0,0,,
tour_new3,fast_h0,74502,10251,1161,24,746,0,0,0,3.6,8.0
tour_new2,local24,74501,16307,1232,28,752,29,751,33138,11.408974358974358,25.0
tour_new3,h0,74503,0,0,0,0,0,0,0,,
tour_new2,h0,74503,0,0,0,0,0,0,0,,
rgv_new4,h0,74509,0,0,0,0,0,0,0,,
rgv_new4,h0,74507,0,0,0,0,0,0,0,,
tour_new3,refit32,74502,18479,1172,26,742,0,0,0,3.7122395833333335,8.0
job_new4,refit32,74510,18801,1233,35,728,0,0,0,4.238532110091743,8.0
rgv_new2,h0,74501,0,0,0,0,0,0,0,,
rgv_new3,h0,74507,0,0,0,0,0,0,0,,
job_new2,fast_h0,74512,11525,1784,55,718,0,0,0,6.040103492884864,8.0
rgv_new3,local24,74509,16067,2317,20,754,63,711,39502,12.589147286821705,25.0
job_new4,fast_h0,74503,10643,1275,45,715,0,0,0,4.313157894736842,8.0
tour_new3,h0,74512,0,0,0,0,0,0,0,,
rgv_new3,fast_h0,74504,10400,1911,13,772,0,0,0,4.676433121019108,8.0
rgv_new4,refit32,74506,18798,1675,8,742,0,0,0,4.897333333333333,8.0
job_new2,h0,74503,0,0,0,0,0,0,0,,
job_new4,refit32,74511,18800,1314,41,710,0,0,0,4.412782956058589,8.0
rgv_new4,fast_h0,74512,10803,1901,9,766,0,0,0,5.243870967741936,8.0
rgv_new1,local24,74511,17834,2077,9,748,43,714,37234,14.889035667107,25.0
tour_new1,fast_h0,74509,11280,1635,37,724,0,0,0,5.617608409986859,8.0
rgv_new2,fast_h0,74505,10390,2042,13,750,0,0,0,4.969855832241153,8.0
tour_new4,local24,74507,15121,1340,28,729,36,721,25754,10.331571994715985,25.0
rgv_new4,fast_h0,74501,10694,1853,21,743,0,0,0,5.113874345549738,8.0
job_new1,h0,74502,0,0,0,0,0,0,0,,
job_new2,refit32,74503,19449,1592,40,711,0,0,0,5.647137150466046,8.0
tour_new1,fast_h0,74508,11394,1570,38,714,0,0,0,5.75,8.0
tour_new1,refit32,74502,19452,1515,30,749,0,0,0,5.349165596919127,8.0
rgv_new3,fast_h0,74507,10498,2007,10,757,0,0,0,5.039113428943938,8.0
rgv_new4,refit32,74510,18603,2114,35,706,0,0,0,5.286099865047233,8.0
job_new2,h0,74501,0,0,0,0,0,0,0,,
tour_new2,h0,74512,0,0,0,0,0,0,0,,
rgv_new2,refit32,74508,18544,1940,16,753,0,0,0,4.790637191157347,8.0
rgv_new2,local24,74501,14425,2471,14,743,66,691,34462,10.906208718626155,25.0
tour_new4,fast_h0,74512,10834,1383,39,737,0,0,0,4.609536082474227,8.0
tour_new4,fast_h0,74508,11235,1541,46,717,0,0,0,5.420707732634338,8.0
rgv_new3,h0,74501,0,0,0,0,0,0,0,,
rgv_new4,local24,74510,15442,3066,31,731,101,661,33028,12.950131233595801,25.0
tour_new3,h0,74511,0,0,0,0,0,0,0,,
tour_new2,local24,74502,15156,1373,35,740,32,743,30265,10.179354838709678,25.0
job_new2,refit32,74507,19661,1544,33,737,0,0,0,5.720779220779221,8.0
job_new3,h0,74506,0,0,0,0,0,0,0,,
rgv_new1,fast_h0,74505,11188,2257,13,766,0,0,0,6.168164313222079,8.0
tour_new1,refit32,74503,19192,1613,40,730,0,0,0,5.201298701298701,8.0
tour_new1,h0,74507,0,0,0,0,0,0,0,,
job_new4,local24,74507,15428,1205,25,743,31,737,26017,10.407552083333334,25.0
job_new4,local24,74501,16050,1267,34,738,36,736,26326,11.239637305699482,25.0
rgv_new1,local24,74509,16995,1876,7,767,39,735,42788,13.218346253229974,25.0
job_new2,refit32,74512,19644,1803,59,717,0,0,0,5.98840206185567,8.0
job_new2,refit32,74501,19758,1493,41,717,0,0,0,5.872031662269129,8.0
tour_new2,h0,74507,0,0,0,0,0,0,0,,
rgv_new1,fast_h0,74508,10982,2291,9,757,0,0,0,6.0483028720626635,8.0
tour_new3,h0,74508,0,0,0,0,0,0,0,,
job_new4,h0,74502,0,0,0,0,0,0,0,,
rgv_new2,local24,74504,15629,2265,15,771,60,726,34107,11.773536895674301,25.0
job_new1,fast_h0,74502,10436,1226,31,732,0,0,0,3.960681520314548,8.0
rgv_new1,h0,74509,0,0,0,0,0,0,0,,
rgv_new3,local24,74503,15356,1954,10,772,46,736,37288,11.08695652173913,25.0
tour_new2,local24,74506,16669,1230,28,751,27,752,33956,11.885750962772786,25.0
tour_new3,fast_h0,74503,10456,1180,25,740,0,0,0,3.9163398692810456,8.0
tour_new4,h0,74511,0,0,0,0,0,0,0,,
tour_new3,fast_h0,74506,10658,1157,25,747,0,0,0,4.112694300518135,8.0
tour_new4,h0,74509,0,0,0,0,0,0,0,,
tour_new3,local24,74507,14874,1354,29,740,33,736,28849,9.867360208062419,25.0
job_new4,refit32,74505,18941,1291,38,732,0,0,0,4.457142857142857,8.0
rgv_new2,refit32,74506,18480,2060,13,757,0,0,0,4.857142857142857,8.0
rgv_new2,refit32,74501,18708,1828,10,780,0,0,0,4.729113924050633,8.0
job_new2,local24,74509,18341,1650,49,731,52,728,30758,14.552564102564103,25.0
job_new2,h0,74511,0,0,0,0,0,0,0,,
tour_new1,refit32,74507,19616,1585,35,730,0,0,0,5.752941176470588,8.0
tour_new3,local24,74502,14575,1149,26,744,26,744,28513,9.2,25.0
tour_new4,local24,74505,16851,1547,45,701,47,699,28810,13.080428954423592,25.0
job_new4,h0,74505,0,0,0,0,0,0,0,,
rgv_new2,h0,74512,0,0,0,0,0,0,0,,
job_new2,h0,74502,0,0,0,0,0,0,0,,
tour_new4,refit32,74502,19202,1414,38,730,0,0,0,4.96875,8.0
tour_new3,refit32,74506,18679,1169,24,743,0,0,0,3.973924380704042,8.0
tour_new4,refit32,74504,18678,1339,38,723,0,0,0,4.227332457293035,8.0
job_new2,refit32,74508,19437,1640,39,751,0,0,0,5.413924050632912,8.0
job_new2,local24,74512,17491,1657,44,735,45,734,30440,13.489088575096277,25.0
rgv_new3,h0,74509,0,0,0,0,0,0,0,,
rgv_new2,refit32,74502,18716,2157,17,751,0,0,0,5.303385416666667,8.0
job_new2,fast_h0,74506,11290,1709,53,711,0,0,0,5.705497382198953,8.0
job_new4,refit32,74506,18658,1374,36,727,0,0,0,4.235910878112713,8.0
rgv_new1,refit32,74512,19394,2216,9,770,0,0,0,6.174582798459563,8.0
tour_new3,fast_h0,74510,10259,1181,31,740,0,0,0,3.6316472114137484,8.0
job_new3,h0,74509,0,0,0,0,0,0,0,,
job_new3,local24,74512,17688,1615,41,739,41,739,31256,13.67051282051282,25.0
job_new1,h0,74510,0,0,0,0,0,0,0,,
rgv_new2,refit32,74503,18411,1935,15,749,0,0,0,4.641361256544503,8.0
rgv_new2,h0,74507,0,0,0,0,0,0,0,,
tour_new3,h0,74509,0,0,0,0,0,0,0,,
rgv_new4,refit32,74501,18741,2321,20,719,0,0,0,5.7672530446549395,8.0
tour_new1,fast_h0,74501,11737,1546,34,756,0,0,0,5.877215189873418,8.0
tour_new2,refit32,74510,19306,1441,44,723,0,0,0,5.146023468057367,8.0
tour_new4,h0,74503,0,0,0,0,0,0,0,,
rgv_new1,fast_h0,74510,11285,2345,14,752,0,0,0,6.514360313315927,8.0
tour_new2,h0,74502,0,0,0,0,0,0,0,,
rgv_new4,local24,74502,16124,2251,17,759,66,710,36262,12.545103092783505,25.0
rgv_new3,refit32,74510,19270,2150,14,762,0,0,0,5.953608247422681,8.0
rgv_new2,h0,74505,0,0,0,0,0,0,0,,
tour_new4,refit32,74508,19064,1469,46,720,0,0,0,4.8733681462141,8.0
job_new2,local24,74511,17593,1593,47,723,44,726,29482,13.696103896103896,25.0
job_new1,refit32,74506,18848,1210,26,736,0,0,0,4.275590551181103,8.0
tour_new2,refit32,74507,19365,1350,33,738,0,0,0,5.0778210116731515,8.0
rgv_new4,refit32,74503,19048,1902,13,773,0,0,0,5.2798982188295165,8.0
job_new2,refit32,74506,19284,1668,52,711,0,0,0,5.441677588466579,8.0
rgv_new1,fast_h0,74503,11457,2273,8,765,0,0,0,6.584734799482535,8.0
tour_new3,local24,74504,14895,1119,24,756,27,753,29637,9.453846153846154,25.0
rgv_new3,local24,74507,15139,2355,14,754,56,712,36957,11.528645833333334,25.0
tour_new4,local24,74504,16792,1381,39,729,42,726,28685,12.412760416666666,25.0
rgv_new3,local24,74501,15946,2584,10,752,62,700,38860,12.979002624671915,25.0
tour_new1,local24,74512,18681,1498,39,743,47,735,32723,14.755754475703325,25.0
job_new4,local24,74504,15743,1227,30,732,35,727,26532,10.931758530183727,25.0
job_new4,h0,74504,0,0,0,0,0,0,0,,
rgv_new3,refit32,74503,18983,1952,10,778,0,0,0,5.24746192893401,8.0
tour_new4,local24,74502,16997,1340,37,719,39,717,28934,12.826719576719576,25.0
rgv_new2,fast_h0,74502,10359,2187,14,762,0,0,0,5.033505154639175,8.0
job_new3,fast_h0,74502,11067,1430,30,752,0,0,0,4.932225063938619,8.0
job_new3,fast_h0,74505,11106,1485,38,727,0,0,0,5.1647058823529415,8.0
job_new2,refit32,74510,19345,1605,53,724,0,0,0,5.341055341055341,8.0
tour_new2,fast_h0,74503,10743,1233,15,753,0,0,0,4.34375,8.0
tour_new1,h0,74502,0,0,0,0,0,0,0,,
tour_new2,h0,74509,0,0,0,0,0,0,0,,
rgv_new4,refit32,74505,18826,1984,12,778,0,0,0,5.075949367088608,8.0
job_new2,local24,74503,17170,1408,31,737,36,732,29824,12.940104166666666,25.0
rgv_new2,refit32,74512,18522,2128,10,772,0,0,0,4.923273657289003,8.0
rgv_new2,local24,74505,13958,2567,8,765,63,710,34189,10.20051746442432,25.0
job_new4,local24,74506,14436,1137,29,744,33,740,24768,8.96895213454075,25.0
rgv_new2,h0,74510,0,0,0,0,0,0,0,,
rgv_new2,local24,74502,14622,2180,16,758,55,719,33682,10.545219638242894,25.0
tour_new4,fast_h0,74509,10938,1486,38,723,0,0,0,4.972404730617608,8.0
job_new3,fast_h0,74504,10956,1616,46,735,0,0,0,5.034571062740077,8.0
tour_new1,fast_h0,74505,11472,1573,42,700,0,0,0,5.936657681940701,8.0
rgv_new4,local24,74507,15046,2558,19,736,72,683,34727,11.872847682119206,25.0
rgv_new1,refit32,74509,19419,2156,6,755,0,0,0,6.274638633377135,8.0
rgv_new4,fast_h0,74504,10482,2288,20,744,0,0,0,5.4057591623036645,8.0
tour_new1,refit32,74510,19829,1762,57,718,0,0,0,6.1819354838709675,8.0
rgv_new4,h0,74503,0,0,0,0,0,0,0,,
rgv_new1,refit32,74501,19206,2411,12,749,0,0,0,6.329829172141919,8.0
tour_new3,fast_h0,74512,10429,1184,18,761,0,0,0,3.816431322207959,8.0
job_new1,refit32,74502,18740,1232,31,739,0,0,0,4.119480519480519,8.0
job_new3,fast_h0,74506,11471,1829,54,723,0,0,0,5.997425997425998,8.0
job_new4,local24,74509,14366,1132,30,730,32,728,23806,9.023684210526316,25.0
rgv_new2,local24,74510,13581,2037,10,750,47,713,32499,9.18157894736842,25.0
tour_new4,local24,74512,16007,1414,38,724,39,723,27290,11.523622047244094,25.0
rgv_new2,fast_h0,74511,10533,1898,15,748,0,0,0,4.968545216251639,8.0
tour_new1,fast_h0,74511,11398,1603,38,716,0,0,0,5.7838196286472146,8.0
rgv_new3,local24,74504,14929,2023,9,778,48,739,36570,10.561626429479034,25.0
rgv_new3,h0,74503,0,0,0,0,0,0,0,,
tour_new2,local24,74505,15492,1109,16,764,20,760,32681,10.206410256410257,25.0
job_new2,local24,74504,18358,1518,36,738,42,732,31339,14.516795865633075,25.0
tour_new4,refit32,74501,18626,1251,35,731,0,0,0,4.016971279373368,8.0
tour_new1,h0,74501,0,0,0,0,0,0,0,,
job_new4,refit32,74503,19016,1414,49,711,0,0,0,4.776315789473684,8.0
tour_new4,refit32,74509,19174,1536,41,728,0,0,0,5.084525357607282,8.0
job_new2,fast_h0,74502,11596,1554,37,739,0,0,0,5.811855670103093,8.0
tour_new1,fast_h0,74503,11259,1595,38,728,0,0,0,5.5013054830287205,8.0
job_new1,refit32,74508,18748,1129,22,742,0,0,0,4.027486910994765,8.0
rgv_new3,refit32,74511,19095,2470,13,747,0,0,0,6.269736842105263,8.0
job_new2,local24,74510,17768,1491,39,730,41,728,29797,13.808842652795839,25.0
job_new1,h0,74504,0,0,0,0,0,0,0,,
tour_new1,local24,74511,17277,1453,39,722,41,720,29828,13.258869908015768,25.0
rgv_new3,h0,74511,0,0,0,0,0,0,0,,
job_new1,refit32,74503,18979,1200,29,729,0,0,0,4.45778364116095,8.0
rgv_new2,refit32,74504,18599,1914,16,746,0,0,0,4.8727034120734904,8.0
rgv_new1,h0,74510,0,0,0,0,0,0,0,,
job_new3,refit32,74507,19353,1562,39,733,0,0,0,5.330310880829016,8.0
job_new2,h0,74507,0,0,0,0,0,0,0,,
rgv_new2,h0,74504,0,0,0,0,0,0,0,,
rgv_new4,local24,74506,14083,1901,9,765,47,727,34562,9.488372093023257,25.0
job_new1,refit32,74510,18761,1196,29,729,0,0,0,4.16490765171504,8.0
tour_new4,local24,74508,16107,1385,42,728,42,728,27628,11.496103896103897,25.0
tour_new2,fast_h0,74501,10755,1214,24,745,0,0,0,4.328998699609883,8.0
tour_new1,local24,74502,17101,1379,39,738,38,739,29546,12.664092664092664,25.0
job_new1,h0,74512,0,0,0,0,0,0,0,,
job_new4,h0,74503,0,0,0,0,0,0,0,,
job_new3,refit32,74509,19319,1766,49,703,0,0,0,5.69813829787234,8.0
tour_new1,h0,74504,0,0,0,0,0,0,0,,
tour_new3,refit32,74510,18879,1219,30,752,0,0,0,4.217391304347826,8.0
job_new3,fast_h0,74508,10731,1444,42,722,0,0,0,4.62696335078534,8.0
tour_new4,h0,74510,0,0,0,0,0,0,0,,
rgv_new4,refit32,74507,18797,1798,16,731,0,0,0,5.080321285140562,8.0
job_new1,local24,74504,14986,1118,28,756,29,755,26109,9.520408163265307,25.0
job_new1,fast_h0,74510,10595,1194,30,712,0,0,0,4.243935309973046,8.0
tour_new1,fast_h0,74510,11431,1683,51,709,0,0,0,5.886842105263158,8.0
tour_new1,h0,74509,0,0,0,0,0,0,0,,
