task,algorithm,seed,cycle,products,travel_seconds
rgv_g1,local24,74801,1-2-3-4-5-6-8-7,382.0,5128.0
rgv_g1,local24,74801,1-2-3-4-6-5,288.0,3544.0
rgv_g1,local24,74801,1-2-3-4,192.0,1940.0
rgv_g1,local24,74801,2-1,96.0,0.0
rgv_g1,fast_h0,74801,1-2-3-4-5-6-7-8,382.0,5128.0
rgv_g1,fast_h0,74801,2-1-3-4-6-5,288.0,3544.0
rgv_g1,fast_h0,74801,2-1-4-3,192.0,1940.0
rgv_g1,fast_h0,74801,2-1,96.0,0.0
rgv_g1,nsga2_typed,74801,2-1-3-4,192.0,1940.0
rgv_g1,nsga2_typed,74801,1-2,96.0,0.0
rgv_g1,nsga2_typed,74801,2-1-3-4-5-6,288.0,3544.0
rgv_g1,nsga2_typed,74801,2-1-3-4-5-6-7-8,382.0,5128.0
rgv_g1,fast_v10,74801,1-2-4-3-6-5-7-8,382.0,5128.0
rgv_g1,fast_v10,74801,2-1-3-4-5-6,288.0,3544.0
rgv_g1,fast_v10,74801,2-1-3-4,192.0,1940.0
rgv_g1,fast_v10,74801,1-2,96.0,0.0
rgv_g1,h0,74801,1-2-3-4-5-6-7-8,382.0,5128.0
rgv_g1,h0,74801,2-1-3-4-6-5,288.0,3544.0
rgv_g1,h0,74801,2-1-4-3,192.0,1940.0
rgv_g1,h0,74801,2-1,96.0,0.0
rgv_g2,local24,74801,2-4-3-5-6-7-8-1,359.0,5829.0
rgv_g2,local24,74801,2-1-4-3-5-6,276.0,4048.0
rgv_g2,local24,74801,1-3-4-2,185.0,2162.0
rgv_g2,local24,74801,2-1-3-4,184.0,2139.0
rgv_g2,local24,74801,1-2,93.0,0.0
rgv_g2,fast_h0,74801,1-3-4-6-5-7-8-2,359.0,5829.0
rgv_g2,fast_h0,74801,1-2-4-3-6-5,276.0,4048.0
rgv_g2,fast_h0,74801,1-3-4-2,185.0,2162.0
rgv_g2,fast_h0,74801,2-1-4-3,184.0,2139.0
rgv_g2,fast_h0,74801,1-2,93.0,0.0
rgv_g2,fast_v10,74801,1-3-4-5-6-8-7-2,359.0,5829.0
rgv_g2,fast_v10,74801,2-1-3-4-5-6,276.0,4048.0
rgv_g2,fast_v10,74801,1-2-4-3,185.0,2162.0
rgv_g2,fast_v10,74801,2-1-3-4,184.0,2139.0
rgv_g2,fast_v10,74801,1-2,93.0,0.0
rgv_g2,h0,74801,1-3-4-6-5-7-8-2,359.0,5829.0
rgv_g2,h0,74801,1-2-4-3-6-5,276.0,4048.0
rgv_g2,h0,74801,1-3-4-2,185.0,2162.0
rgv_g2,h0,74801,2-1-4-3,184.0,2139.0
rgv_g2,h0,74801,1-2,93.0,0.0
rgv_g2,nsga2_typed,74801,2-1-3-4,184.0,2139.0
rgv_g2,nsga2_typed,74801,2-1-3-4-5-6,276.0,4048.0
rgv_g2,nsga2_typed,74801,1-2-3-4,185.0,2162.0
rgv_g2,nsga2_typed,74801,1-3-4-5-6-8-7-2,359.0,5829.0
rgv_g2,nsga2_typed,74801,1-2,93.0,0.0
rgv_g3,fast_h0,74801,2-1-3-4-6-5-8-7,392.0,4954.0
rgv_g3,fast_h0,74801,1-3-4-6-5-2,296.0,3418.0
rgv_g3,fast_h0,74801,1-6-5-4-3-2,295.0,3400.0
rgv_g3,fast_h0,74801,2-1-4-3-6-5,294.0,3368.0
rgv_g3,fast_h0,74801,1-3-4-2,198.0,1818.0
rgv_g3,fast_h0,74801,1-4-3-2,197.0,1800.0
rgv_g3,fast_h0,74801,2-1-4-3,196.0,1782.0
rgv_g3,fast_h0,74801,1-2,99.0,0.0
rgv_g3,nsga2_typed,74801,3-4,99.0,18.0
rgv_g3,nsga2_typed,74801,2-1-4-3-6-5,294.0,3368.0
rgv_g3,nsga2_typed,74801,1-2-3-4,197.0,1800.0
rgv_g3,nsga2_typed,74801,2-1-4-3,196.0,1782.0
rgv_g3,nsga2_typed,74801,1-4-3-6-5-2,295.0,3400.0
rgv_g3,nsga2_typed,74801,1-3-4-5-6-2,296.0,3418.0
rgv_g3,nsga2_typed,74801,1-3-4-2,198.0,1818.0
rgv_g3,nsga2_typed,74801,1-2-4-3-5-6-8-7,392.0,4954.0
rgv_g3,local24,74801,2-1-4-3-5-6-7-8,392.0,4954.0
rgv_g3,local24,74801,1-3-4-5-6-2,296.0,3418.0
rgv_g3,local24,74801,1-2-6-5-4-3,295.0,3400.0
rgv_g3,local24,74801,2-1-4-3-6-5,294.0,3368.0
rgv_g3,local24,74801,1-3-4-2,198.0,1818.0
rgv_g3,local24,74801,1-4-3-2,197.0,1800.0
rgv_g3,local24,74801,2-1-3-4,196.0,1782.0
rgv_g3,local24,74801,1-2,99.0,0.0
rgv_g3,h0,74801,2-1-3-4-6-5-8-7,392.0,4954.0
rgv_g3,h0,74801,1-3-4-6-5-2,296.0,3418.0
rgv_g3,h0,74801,1-6-5-4-3-2,295.0,3400.0
rgv_g3,h0,74801,2-1-4-3-6-5,294.0,3368.0
rgv_g3,h0,74801,1-3-4-2,198.0,1818.0
rgv_g3,h0,74801,1-4-3-2,197.0,1800.0
rgv_g3,h0,74801,2-1-4-3,196.0,1782.0
rgv_g3,h0,74801,1-2,99.0,0.0
rgv_g3,fast_v10,74801,2-1-4-3-5-6-8-7,392.0,4954.0
rgv_g3,fast_v10,74801,1-3-4-5-6-2,296.0,3418.0
rgv_g3,fast_v10,74801,1-2-6-5-4-3,295.0,3400.0
rgv_g3,fast_v10,74801,2-1-4-3-5-6,294.0,3368.0
rgv_g3,fast_v10,74801,1-3-4-2,198.0,1818.0
rgv_g3,fast_v10,74801,1-4-3-2,197.0,1800.0
rgv_g3,fast_v10,74801,2-1-4-3,196.0,1782.0
rgv_g3,fast_v10,74801,1-2,99.0,0.0
