task,kind,algorithm,auc,final_gap,igd,recall,seconds,extra_pure_proposals,neighbor_builds,neighbor_filter_checks,predictions,overrides
job_new1,job,fast_h0,0.10202059637303566,0.0,0.0,1.0,3.113365367666669,44238.166666666664,0.0,0.0,4130.75,17.75
job_new1,job,fast_v10,0.11518766370109666,0.0,0.0,1.0,2.837181113750006,0.0,0.0,0.0,0.0,0.0
job_new1,job,h0,0.10202059637303566,0.0,0.0,1.0,6.553692826833299,44238.166666666664,0.0,0.0,4130.75,17.75
job_new1,job,local24,0.09721599070340765,0.0,0.0,1.0,1.7194165749999684,0.0,29.75,25592.25,7982.5,22.083333333333332
job_new1,job,local24_random,0.11608123315574741,0.0,0.0,1.0,1.0270224080000314,0.0,33.916666666666664,25018.916666666668,0.0,383.6666666666667
job_new1,job,nsga2_typed,0.1595913427008915,0.0004989321966586416,0.00024956640160623335,0.9874999999999999,2.469551057833295,0.0,0.0,0.0,0.0,0.0
job_new1,job,nsga_local24,0.12509139997385232,4.078887704503333e-05,1.6471375e-05,0.9916666666666667,2.2115992261666975,0.0,71.58333333333333,24210.583333333332,9277.5,49.416666666666664
job_new1,job,refit32,0.09909690164734238,0.0,0.0,1.0,4.622944820499991,44095.833333333336,0.0,0.0,4184.416666666667,17.583333333333332
job_new2,job,fast_h0,0.1111549246025418,0.0004137873822082083,0.00013803234523809168,0.9702380952380953,2.793911558916657,32257.166666666668,0.0,0.0,5349.583333333333,45.25
job_new2,job,fast_v10,0.13103539268760925,0.003104757472254792,0.0015111607609093582,0.9136904761904763,2.0028052609166593,0.0,0.0,0.0,0.0,0.0
job_new2,job,h0,0.1111549246025418,0.0004137873822082083,0.00013803234523809168,0.9702380952380953,4.887902413249994,32257.166666666668,0.0,0.0,5349.583333333333,45.25
job_new2,job,local24,0.10251171768739371,0.000347395080078125,0.00014552642380951666,0.9761904761904763,2.071852717416666,0.0,44.333333333333336,30307.583333333332,11624.333333333334,44.25
job_new2,job,local24_random,0.1284197924738934,0.0021047888353987834,0.0012174045064398333,0.9226190476190476,0.8625026001667019,0.0,54.333333333333336,28656.75,0.0,493.6666666666667
job_new2,job,nsga2_typed,0.15537218769009759,0.0087925507737218,0.0050326638882795,0.7976190476190476,2.045628958416728,0.0,0.0,0.0,0.0,0.0
job_new2,job,nsga_local24,0.11863586895280559,0.0004939542891595083,0.00025126727470236665,0.9672619047619048,1.7465078504999572,0.0,80.83333333333333,29253.166666666668,11852.5,76.0
job_new2,job,refit32,0.10458761011167905,0.0008209047996592167,0.00037612567708331665,0.9583333333333334,4.093639326000054,32883.75,0.0,0.0,5296.083333333333,42.166666666666664
job_new3,job,fast_h0,0.10055596328474904,0.0062979911344389836,0.0018498189111110835,0.8690476190476191,3.070187771166682,35730.5,0.0,0.0,4937.916666666667,30.166666666666668
job_new3,job,fast_v10,0.11619585480639054,0.01026965166632425,0.0035804288555689,0.7698412698412698,2.33777500466663,0.0,0.0,0.0,0.0,0.0
job_new3,job,h0,0.10055596328474904,0.0062979911344389836,0.0018498189111110835,0.8690476190476191,5.399830782833344,35730.5,0.0,0.0,4937.916666666667,30.166666666666668
job_new3,job,local24,0.1028303484125531,0.005664591299975875,0.002043986931745992,0.8373015873015873,1.867452434500014,0.0,40.5,30546.583333333332,11072.75,35.166666666666664
job_new3,job,local24_random,0.12033097517068454,0.009176463233816058,0.0038606775929812998,0.7698412698412698,0.9630851437500212,0.0,48.0,29096.0,0.0,470.5833333333333
job_new3,job,nsga2_typed,0.14874591219480068,0.011322447210958849,0.004417203235078608,0.7619047619047619,2.200870309000019,0.0,0.0,0.0,0.0,0.0
job_new3,job,nsga_local24,0.11595833214159966,0.006785635002302742,0.0026987696626003,0.8214285714285715,1.5536791047500174,0.0,80.83333333333333,28848.333333333332,11713.916666666666,57.25
job_new3,job,refit32,0.1021791155631666,0.006777329808030097,0.0019926571273808998,0.8650793650793651,3.7983035075833507,36394.75,0.0,0.0,4965.083333333333,32.0
job_new4,job,fast_h0,0.11013529621391116,0.005294021804163875,0.001828053791384192,0.9583333333333334,2.735604621166677,41515.333333333336,0.0,0.0,4483.166666666667,34.75
job_new4,job,fast_v10,0.13633602709841774,0.008994621275920692,0.0033463057483678915,0.9131944444444443,3.3200588440833485,0.0,0.0,0.0,0.0,0.0
job_new4,job,h0,0.11013529621391116,0.005294021804163875,0.001828053791384192,0.9583333333333334,6.436894999083317,41515.333333333336,0.0,0.0,4483.166666666667,34.75
job_new4,job,local24,0.10377835503732082,0.003087910282356167,0.0010983737458333,0.9722222222222222,1.7923012425000309,0.0,36.75,25568.583333333332,8876.833333333334,36.833333333333336
job_new4,job,local24_random,0.13250919660709284,0.006948213718095217,0.0025567554337452836,0.9340277777777778,1.0837502525000293,0.0,47.333333333333336,24549.75,0.0,406.9166666666667
job_new4,job,nsga2_typed,0.14665224639064536,0.01030207351408635,0.004327386377477058,0.8958333333333334,2.2946227599999816,0.0,0.0,0.0,0.0,0.0
job_new4,job,nsga_local24,0.11439297457060259,0.0008029066571421834,0.00031880300104165563,0.9861111111111112,1.557817887500022,0.0,73.66666666666667,25907.083333333332,9900.083333333334,62.0
job_new4,job,refit32,0.1053731724314636,0.0038197259184245083,0.001477296668532325,0.9513888888888888,4.3149895267499785,42118.916666666664,0.0,0.0,4340.583333333333,32.0
rgv_new1,rgv,fast_h0,0.09995072628253787,0.0028479539818689666,0.0008348018243521999,0.9333333333333332,2.747767421833364,26982.25,0.0,0.0,5839.166666666667,130.16666666666666
rgv_new1,rgv,fast_v10,0.10618852028934718,0.0001423976990469,0.00015873015833333334,0.9833333333333334,1.8415136511666788,0.0,0.0,0.0,0.0,0.0
rgv_new1,rgv,h0,0.09995072628253787,0.0028479539818689666,0.0008348018243521999,0.9333333333333332,5.704721514250035,26982.25,0.0,0.0,5839.166666666667,130.16666666666666
rgv_new1,rgv,local24,0.09674872833362029,0.0008543861945141417,0.0003674306144213833,0.9666666666666667,2.0663787254166834,0.0,53.5,38728.083333333336,11963.916666666666,109.5
rgv_new1,rgv,local24_random,0.10047264635604962,0.0007119884954672417,0.00020870045608804998,0.9833333333333334,1.1778846624167159,0.0,47.75,38081.916666666664,0.0,458.0833333333333
rgv_new1,rgv,nsga2_typed,0.14883973925228985,0.002042814771885625,0.0027404791328190336,0.8333333333333334,1.4750533419999765,0.0,0.0,0.0,0.0,0.0
rgv_new1,rgv,nsga_local24,0.12908981062601818,0.005186963092738208,0.0016692484502155,0.8833333333333333,1.697166709416668,0.0,105.58333333333333,39197.416666666664,15743.583333333334,177.58333333333334
rgv_new1,rgv,refit32,0.100222671157582,0.0023390091108692417,0.0008344466258633,0.9500000000000001,3.396472296666682,26543.666666666668,0.0,0.0,5740.75,120.33333333333333
rgv_new2,rgv,fast_h0,0.09393364022248264,0.00030280663938625035,0.00011785388888887499,0.9583333333333334,3.9603681705000042,37634.083333333336,0.0,0.0,4678.75,224.5
rgv_new2,rgv,fast_v10,0.10272904760410256,0.0003444983867680587,0.0001561152902777583,0.9444444444444445,2.48095516383331,0.0,0.0,0.0,0.0,0.0
rgv_new2,rgv,h0,0.09393364022248264,0.00030280663938625035,0.00011785388888887499,0.9583333333333334,6.2493246755833525,37634.083333333336,0.0,0.0,4678.75,224.5
rgv_new2,rgv,local24,0.09184736687117755,0.000453015353099217,0.000157650131944425,0.9444444444444445,1.9365880531666448,0.0,59.333333333333336,33390.083333333336,9135.583333333334,167.5
rgv_new2,rgv,local24_random,0.10174412771729573,0.000305195851346567,0.00015611529166665,0.9444444444444445,1.0091977902499991,0.0,53.833333333333336,33002.583333333336,0.0,396.5833333333333
rgv_new2,rgv,nsga2_typed,0.1295723348352511,0.0017088318806902083,0.0006375120763888417,0.8333333333333334,1.4278366084166692,0.0,0.0,0.0,0.0,0.0
rgv_new2,rgv,nsga_local24,0.11064953130210893,0.007723361244680301,0.010541838456944409,0.7777777777777778,1.4130238565000088,0.0,106.08333333333333,40530.833333333336,15630.666666666666,282.0
rgv_new2,rgv,refit32,0.09252957724603524,0.00030280663938625035,0.00011785388888887499,0.9583333333333334,4.85082649266666,38204.083333333336,0.0,0.0,4702.333333333333,214.5
rgv_new3,rgv,fast_h0,0.10322465228350029,6.717721341973334e-05,0.0004166666666666667,0.9791666666666666,3.6622849025833184,34746.583333333336,0.0,0.0,4967.083333333333,167.0
rgv_new3,rgv,fast_v10,0.11611873426465878,0.001713018944016975,0.00125,0.9375,2.2188434933333383,0.0,0.0,0.0,0.0,0.0
rgv_new3,rgv,h0,0.10322465228350029,6.717721341973334e-05,0.0004166666666666667,0.9791666666666666,5.6680194467500185,34746.583333333336,0.0,0.0,4967.083333333333,167.0
rgv_new3,rgv,local24,0.1035587859021736,6.717721341973334e-05,0.0004166666666666667,0.9791666666666666,2.1011712725833243,0.0,56.666666666666664,36958.583333333336,10028.833333333334,148.33333333333334
rgv_new3,rgv,local24_random,0.1164442516745821,0.0016122531235850748,0.0017129629625,0.9166666666666666,0.8217949348333681,0.0,54.666666666666664,37747.083333333336,0.0,438.9166666666667
rgv_new3,rgv,nsga2_typed,0.15209140189716916,0.002082493617825508,0.0017129629625,0.9166666666666666,1.4465548900833198,0.0,0.0,0.0,0.0,0.0
rgv_new3,rgv,nsga_local24,0.1208610074232111,0.0016122531235850748,0.0016666666666666668,0.9166666666666666,1.9962902352499914,0.0,105.75,42093.083333333336,16040.666666666666,233.75
rgv_new3,rgv,refit32,0.1033768232754108,6.717721341973334e-05,0.0004166666666666667,0.9791666666666666,3.8951636215833125,34515.75,0.0,0.0,4982.583333333333,165.83333333333334
rgv_new4,rgv,fast_h0,0.08359873619989783,0.002008622849086975,0.0004816502535714083,0.9166666666666666,3.519833300000054,36044.833333333336,0.0,0.0,4946.583333333333,223.75
rgv_new4,rgv,fast_v10,0.0937971025592742,0.002992526625184133,0.0006745665835268499,0.8928571428571428,2.3152508475833335,0.0,0.0,0.0,0.0,0.0
rgv_new4,rgv,h0,0.08359873619989783,0.002008622849086975,0.00048165025357140836,0.9166666666666666,5.154523644083365,36044.833333333336,0.0,0.0,4946.583333333333,223.75
rgv_new4,rgv,local24,0.08520097239334863,0.0025899441472975156,0.0006250522999999667,0.8809523809523809,1.9601154220000012,0.0,72.75,34337.916666666664,10114.25,176.58333333333334
rgv_new4,rgv,local24_random,0.09849410341825125,0.004165182068461946,0.001036128585104375,0.8571428571428572,0.8922741670833337,0.0,54.333333333333336,33831.666666666664,0.0,453.3333333333333
rgv_new4,rgv,nsga2_typed,0.13290418976428836,0.010380765971950983,0.010116882843891017,0.7380952380952381,1.3248872636666345,0.0,0.0,0.0,0.0,0.0
rgv_new4,rgv,nsga_local24,0.106916170960425,0.0033677617902150153,0.0009464328431355583,0.8452380952380952,1.5610309764999972,0.0,105.41666666666667,38578.083333333336,15710.333333333334,272.75
rgv_new4,rgv,refit32,0.08339276171731169,0.0015595135132887416,0.000444657435714275,0.9166666666666666,3.763990649166658,34345.833333333336,0.0,0.0,4999.75,233.33333333333334
tour_new1,tour,fast_h0,0.07540528954942488,0.00023926299251139998,0.00014897695714279999,0.9761904761904763,2.6747397354999976,32232.75,0.0,0.0,5333.166666666667,40.833333333333336
tour_new1,tour,fast_v10,0.09330180392124199,0.0016198688055314393,0.0008592658322633262,0.9047619047619048,2.5657958384166,0.0,0.0,0.0,0.0,0.0
tour_new1,tour,h0,0.07540528954942488,0.00023926299251139998,0.00014897695714279999,0.9761904761904763,4.814842687499994,32232.75,0.0,0.0,5333.166666666667,40.833333333333336
tour_new1,tour,local24,0.07339734304062553,0.000269170866575325,0.00016759907678565001,0.9732142857142859,1.965874005000008,0.0,42.916666666666664,30594.083333333332,11503.916666666666,48.333333333333336
tour_new1,tour,local24_random,0.09298392328649129,0.0018564149842356225,0.0009690525767326428,0.9285714285714287,0.9128454970833199,0.0,52.5,27842.166666666668,0.0,454.8333333333333
tour_new1,tour,nsga2_typed,0.11513465163229257,0.002384795534800102,0.0013839471902902035,0.8928571428571429,2.0618126161666623,0.0,0.0,0.0,0.0,0.0
tour_new1,tour,nsga_local24,0.09114219833086956,0.00017944724438355,0.0001117327178571,0.9821428571428572,1.8377920147499935,0.0,74.16666666666667,28586.166666666668,11153.583333333334,76.91666666666667
tour_new1,tour,refit32,0.07351652268780323,0.000209355118447475,0.00013035483749995,0.9791666666666666,3.4438747245833574,32584.333333333332,0.0,0.0,5340.083333333333,39.916666666666664
tour_new2,tour,fast_h0,0.09523096598055547,7.148743071675834e-05,3.617013627448333e-05,0.9803921568627451,3.130651530750015,39689.333333333336,0.0,0.0,4526.083333333333,28.833333333333332
tour_new2,tour,fast_v10,0.1142922262073211,0.00017521325071212502,8.676384705879166e-05,0.9656862745098039,2.2652832101666434,0.0,0.0,0.0,0.0,0.0
tour_new2,tour,h0,0.09523096598055547,7.148743071675834e-05,3.617013627448333e-05,0.9803921568627451,5.62302639983336,39689.333333333336,0.0,0.0,4526.083333333333,28.833333333333332
tour_new2,tour,local24,0.08726630429718973,0.0,0.0,1.0,1.9412351981666802,0.0,27.75,32736.833333333332,9505.166666666666,32.333333333333336
tour_new2,tour,local24_random,0.10674980628578555,0.00011251170089535,5.6407620588208335e-05,0.9754901960784313,0.9837160350833661,0.0,37.916666666666664,31261.916666666668,0.0,411.6666666666667
tour_new2,tour,nsga2_typed,0.15645064484864996,0.0021357338450758915,0.0015396930528163,0.8627450980392156,2.171213631249941,0.0,0.0,0.0,0.0,0.0
tour_new2,tour,nsga_local24,0.11185963332152547,0.00018948634530720836,9.544764509800833e-05,0.9656862745098039,1.6985779768333014,0.0,73.0,29551.416666666668,10964.166666666666,60.083333333333336
tour_new2,tour,refit32,0.09300341884667097,1.6603383692858332e-05,8.683798039208333e-06,0.9950980392156863,4.364264879416709,39070.666666666664,0.0,0.0,4656.916666666667,27.416666666666668
tour_new3,tour,fast_h0,0.09615483937160639,0.00026396469239804997,0.00023941277192981666,0.9912280701754387,4.0429159760000175,46529.0,0.0,0.0,3892.75,22.583333333333332
tour_new3,tour,fast_v10,0.11108864021575902,0.0018244140275257583,0.000934745373684175,0.9605263157894738,3.041502828499991,0.0,0.0,0.0,0.0,0.0
tour_new3,tour,h0,0.09615483937160639,0.00026396469239804997,0.00023941277192981666,0.9912280701754387,6.967553399833339,46529.0,0.0,0.0,3892.75,22.583333333333332
tour_new3,tour,local24,0.0922156835099,0.0,0.0,1.0,2.1204322140000045,0.0,29.083333333333332,28475.916666666668,8088.5,26.333333333333332
tour_new3,tour,local24_random,0.11148930958140561,0.0008966978063800834,0.0006106429736841751,0.9605263157894738,1.2357377560833338,0.0,35.833333333333336,27315.5,0.0,358.5833333333333
tour_new3,tour,nsga2_typed,0.1609375398296122,0.002865189251319258,0.0015283877175438082,0.9429824561403509,2.4923827359166544,0.0,0.0,0.0,0.0,0.0
tour_new3,tour,nsga_local24,0.12451242055182958,3.2783721903123204e-07,3.79433421052616e-06,0.9956140350877193,1.64573685583332,0.0,73.0,27284.0,9673.25,50.083333333333336
tour_new3,tour,refit32,0.09252178261724887,0.0,0.0,1.0,4.697985303916653,45706.75,0.0,0.0,3990.5833333333335,21.333333333333332
tour_new4,tour,fast_h0,0.06794930322243935,0.0003203378034011667,9.939008709676803e-05,0.9704301075268816,3.2185139634999587,40129.333333333336,0.0,0.0,4661.333333333333,35.416666666666664
tour_new4,tour,fast_v10,0.08250047519395416,0.0021837906855971165,0.0008024205811827589,0.8790322580645161,3.203486286166651,0.0,0.0,0.0,0.0,0.0
tour_new4,tour,h0,0.06794930322243935,0.0003203378034011667,9.939008709676803e-05,0.9704301075268816,5.363990607666646,40129.333333333336,0.0,0.0,4661.333333333333,35.416666666666664
tour_new4,tour,local24,0.06487387447388307,0.00027198775730371665,0.00010204070752685727,0.967741935483871,2.039767602833327,0.0,40.083333333333336,27496.25,9863.666666666666,41.083333333333336
tour_new4,tour,local24_random,0.07764910473170805,0.0009955592833102084,0.0005336891709676946,0.8870967741935484,1.0092370890000002,0.0,46.583333333333336,25728.0,0.0,427.8333333333333
tour_new4,tour,nsga2_typed,0.10410998960745228,0.0010035074763169716,0.00042322477661287913,0.9032258064516129,2.3085685500833506,0.0,0.0,0.0,0.0,0.0
tour_new4,tour,nsga_local24,0.08130863222386497,0.00020518227922944167,6.344945376343624e-05,0.9758064516129031,1.3852404434166772,0.0,69.66666666666667,28325.416666666668,10979.916666666666,70.08333333333333
tour_new4,tour,refit32,0.06758106463300227,0.00013072669453220834,5.47637432795626e-05,0.9731182795698925,4.184762344083329,40431.083333333336,0.0,0.0,4610.25,37.083333333333336
