task,kind,algorithm,seed,budget,fe,physical_calls,seconds,unique_evaluated,audit_pass,auc,final_gap,igd,recall,hit,front_size,reference_size,observed_gap,raw_final_gap,raw_igd,audit_fallbacks,model_authorized,overrides,model_fits,surrogate_predictions
job_h1,job,fast_v10,13506.5,1024.0,1024.0,1024.0,1.3036424567500073,872.6666666666666,1.0,0.08297361832730082,0.0062459135147716165,0.003922269686466183,0.8529411764705882,0.0,14.833333333333334,17.0,0.0062459135147716165,0.006245913512312883,0.00392226968668055,0.0,0.0,0.0,0.0,0.0
job_h1,job,guarded_linear,13506.5,1024.0,1024.0,1024.0,2.50273817433335,874.1666666666666,1.0,0.07938468740534373,0.0065772959552009005,0.004085795116858341,0.8431372549019608,0.0,14.666666666666666,17.0,0.0065772959552009005,0.006577295952207983,0.004085795116806641,0.0,0.0,16.166666666666668,15.0,2784.9166666666665
job_h1,job,no_uncertainty_linear,13506.5,1024.0,1024.0,1024.0,2.608344773166664,875.9166666666666,1.0,0.07945677173428291,0.005276260206236834,0.003376340527546817,0.8725490196078431,0.0,14.916666666666666,17.0,0.005276260206236834,0.0052762602030511085,0.0033763405274316502,0.0,0.0,13.833333333333334,15.0,2826.8333333333335
job_h1,job,nsga2_guarded,13506.5,1024.0,1024.0,1024.0,2.187463935666699,916.5833333333334,1.0,0.11479678036452874,0.002842481495824167,0.0019510438058823333,0.9313725490196078,0.3333333333333333,15.833333333333334,17.0,0.002842481495824167,0.002842481494477033,0.0019510438062130167,0.0,0.0,45.833333333333336,15.0,3867.5833333333335
job_h1,job,nsga2_typed,13506.5,1024.0,1024.0,1024.0,1.021815536833382,914.5,1.0,0.1337531773322864,0.0035612044100954998,0.0023742555176470503,0.9117647058823529,0.25,15.5,17.0,0.0035612044100954998,0.003561204407671425,0.0023742555175679998,0.0,0.0,0.0,0.0,0.0
job_h1,job,random_residual,13506.5,1024.0,1024.0,1024.0,2.163275297833328,872.8333333333334,1.0,0.08333224973273252,0.005487927696643926,0.003529559729017392,0.8676470588235294,0.0,15.0,17.0,0.005487927696643926,0.005487927694141058,0.003529559729117275,0.0,0.0,205.75,0.0,0.0
job_h1,job,raw_linear,13506.5,1024.0,1024.0,1024.0,2.346798155999996,884.6666666666666,1.0,0.0824664519336166,0.005611622223105424,0.003462359874701467,0.8627450980392157,0.08333333333333333,15.083333333333334,17.0,0.005611622223105424,0.005611622221210734,0.0034623598748143003,0.0,0.0,17.333333333333332,15.0,2939.5833333333335
job_h1,job,scalar_linear,13506.5,1024.0,1024.0,1024.0,2.51745821666672,865.3333333333334,1.0,0.08214613854483167,0.005276260206236834,0.003376340527546817,0.8725490196078431,0.0,14.916666666666666,17.0,0.005276260206236834,0.0052762602030511085,0.0033763405274316502,0.0,0.0,188.08333333333334,15.0,2746.9166666666665
job_h1,job,unguarded_linear,13506.5,1024.0,1024.0,1024.0,2.4519990681667045,874.1666666666666,1.0,0.07938468740534373,0.0065772959552009005,0.004085795116858341,0.8431372549019608,0.0,14.666666666666666,17.0,0.0065772959552009005,0.006577295952207983,0.004085795116806641,0.0,0.0,16.166666666666668,15.0,2784.9166666666665
job_h2,job,fast_v10,13506.5,1024.0,1024.0,1024.0,0.6175489556667154,988.0833333333334,1.0,0.1367106106507107,0.0139315801179047,0.006266743728074124,0.7126436781609194,0.0,23.833333333333332,29.0,0.0139315801179047,0.013931580120563293,0.0062667437294818586,0.0,0.0,0.0,0.0,0.0
job_h2,job,guarded_linear,13506.5,1024.0,1024.0,1024.0,1.5941844622500032,996.5,1.0,0.10967905972427537,0.002283269540955519,0.00128507692044635,0.8764367816091955,0.0,26.416666666666668,29.0,0.002283269540955519,0.0022832695411404915,0.001285076921581975,0.0,0.0,62.5,15.0,5379.833333333333
job_h2,job,no_uncertainty_linear,13506.5,1024.0,1024.0,1024.0,1.582952149500026,998.4166666666666,1.0,0.10660591742891774,0.004701177739036134,0.0018715388045976444,0.8764367816091955,0.0,26.75,29.0,0.004701177739036134,0.004701177740027253,0.0018715388059588453,0.0,0.0,50.5,15.0,5476.583333333333
job_h2,job,nsga2_guarded,13506.5,1024.0,1024.0,1024.0,1.466996777000001,998.3333333333334,1.0,0.11617402345086003,0.0015879483640101118,0.0009011126925286909,0.8994252873563219,0.0,26.833333333333332,29.0,0.0015879483640101118,0.001587948365889016,0.0009011126947383851,0.0,0.0,79.5,15.0,5620.333333333333
job_h2,job,nsga2_typed,13506.5,1024.0,1024.0,1024.0,0.5888736989999946,999.0,1.0,0.15083525415016227,0.016907224144468026,0.007381204189225225,0.7270114942528735,0.0,24.916666666666668,29.0,0.016907224144468026,0.016907224148122908,0.00738120419057865,0.0,0.0,0.0,0.0,0.0
job_h2,job,random_residual,13506.5,1024.0,1024.0,1024.0,1.1589776903333018,996.25,1.0,0.13489474675681062,0.015860836020530483,0.007040520858925491,0.7068965517241379,0.0,24.75,29.0,0.015860836020530483,0.015860836019212392,0.0070405208569672756,0.0,0.0,528.3333333333334,0.0,0.0
job_h2,job,raw_linear,13506.5,1024.0,1024.0,1024.0,1.4212030795833357,993.1666666666666,1.0,0.12293155554137485,0.010482794761657234,0.004565212254334416,0.7729885057471265,0.0,25.25,29.0,0.010482794761657234,0.010482794761731841,0.004565212254677966,0.0,0.0,29.583333333333332,15.0,5315.833333333333
job_h2,job,scalar_linear,13506.5,1024.0,1024.0,1024.0,1.5307109260833347,993.0833333333334,1.0,0.12086534451289344,0.005834199114073642,0.0020202068092932445,0.8879310344827586,0.25,26.666666666666668,29.0,0.005834199114073642,0.005834199114688361,0.0020202068102907786,0.0,0.0,526.25,15.0,5254.916666666667
job_h2,job,unguarded_linear,13506.5,1024.0,1024.0,1024.0,1.5355408904999688,996.5,1.0,0.10967905972427537,0.002283269540955519,0.00128507692044635,0.8764367816091955,0.0,26.416666666666668,29.0,0.002283269540955519,0.0022832695411404915,0.001285076921581975,0.0,0.0,62.5,15.0,5379.833333333333
job_h3,job,fast_v10,13506.5,1024.0,1024.0,1024.0,0.7097999926666793,984.1666666666666,1.0,0.09874901301944254,0.0011158123772280583,0.0008340937619273833,0.9347826086956522,0.08333333333333333,21.833333333333332,23.0,0.0011158123772280583,0.0011158123787257334,0.0008340937620190166,0.0,0.0,0.0,0.0,0.0
job_h3,job,guarded_linear,13506.5,1024.0,1024.0,1024.0,1.8588130195833703,979.8333333333334,1.0,0.08262854566989834,0.0006608851704226667,0.00034640111231879167,0.9456521739130435,0.16666666666666666,21.75,23.0,0.0006608851704226667,0.0006608851731243334,0.0003464011130437083,0.0,0.0,35.75,15.0,4771.25
job_h3,job,no_uncertainty_linear,13506.5,1024.0,1024.0,1024.0,1.7481721530000034,979.0,1.0,0.08603400171347818,0.0004807047831132881,0.00030587106784404997,0.9492753623188407,0.25,22.083333333333332,23.0,0.0004807047831132881,0.0004807047840882447,0.000305871067629825,0.0,0.0,31.583333333333332,15.0,4817.083333333333
job_h3,job,nsga2_guarded,13506.5,1024.0,1024.0,1024.0,1.620856863249988,985.6666666666666,1.0,0.10382458080687708,0.00023947734414792499,0.000154317951358625,0.9710144927536232,0.5,22.416666666666668,23.0,0.00023947734414792499,0.00023947734558125834,0.00015431795162835,0.0,0.0,60.666666666666664,15.0,5187.5
job_h3,job,nsga2_typed,13506.5,1024.0,1024.0,1024.0,0.6360494300833466,987.75,1.0,0.13265970369240618,0.002422189249130908,0.0019452265721578335,0.8768115942028986,0.0,21.083333333333332,23.0,0.002422189249130908,0.002422189248843958,0.0019452265710535833,0.0,0.0,0.0,0.0,0.0
job_h3,job,random_residual,13506.5,1024.0,1024.0,1024.0,1.413019921916619,979.0833333333334,1.0,0.09780724792519735,0.0013421395417200525,0.0011698662835904416,0.9166666666666666,0.16666666666666666,21.416666666666668,23.0,0.0013421395417200525,0.00134213954356036,0.0011698662837804584,0.0,0.0,456.4166666666667,0.0,0.0
job_h3,job,raw_linear,13506.5,1024.0,1024.0,1024.0,1.5391841436666784,981.4166666666666,1.0,0.098916863113082,0.0009573348352388274,0.0007453473379528084,0.927536231884058,0.08333333333333333,21.583333333333332,23.0,0.0009573348352388274,0.0009573348373758932,0.0007453473384702917,0.0,0.0,20.166666666666668,15.0,4874.25
job_h3,job,scalar_linear,13506.5,1024.0,1024.0,1024.0,1.8509303865000295,979.3333333333334,1.0,0.09118391749287608,0.0004920064704165191,0.00025441569230063335,0.9528985507246377,0.16666666666666666,22.0,23.0,0.0004920064704165191,0.0004920064730222765,0.00025441569300558333,0.0,0.0,470.9166666666667,15.0,4752.583333333333
job_h3,job,unguarded_linear,13506.5,1024.0,1024.0,1024.0,1.8281878191666767,979.8333333333334,1.0,0.08262854566989834,0.0006608851704226667,0.00034640111231879167,0.9456521739130435,0.16666666666666666,21.75,23.0,0.0006608851704226667,0.0006608851731243334,0.0003464011130437083,0.0,0.0,35.75,15.0,4771.25
job_h4,job,fast_v10,13506.5,1024.0,1024.0,1024.0,0.5956580151667102,996.5,1.0,0.14158593858499713,0.010605023684048066,0.0065412006783408085,0.6934523809523809,0.0,23.666666666666668,28.0,0.010605023684048066,0.01060502368203685,0.006541200674824159,0.0,0.0,0.0,0.0,0.0
job_h4,job,guarded_linear,13506.5,1024.0,1024.0,1024.0,1.6308199509166836,998.1666666666666,1.0,0.10811558905498962,0.002081742795348352,0.0017457054623730896,0.8184523809523809,0.0,23.833333333333332,28.0,0.002081742795348352,0.002081742799642738,0.0017457054627453953,0.0,0.0,56.75,15.0,5400.666666666667
job_h4,job,no_uncertainty_linear,13506.5,1024.0,1024.0,1024.0,1.5645738512499747,997.5,1.0,0.10809155236233464,0.0018719405915162335,0.0016089086074204083,0.8452380952380952,0.0,24.5,28.0,0.0018719405915162335,0.0018719405931758417,0.00160890860732535,0.0,0.0,45.916666666666664,15.0,5446.916666666667
job_h4,job,nsga2_guarded,13506.5,1024.0,1024.0,1024.0,1.4491626904166803,996.25,1.0,0.12674105381406878,0.0031192446109488334,0.002546634848308842,0.8095238095238094,0.0,23.916666666666668,28.0,0.0031192446109488334,0.0031192446127717584,0.0025466348474624,0.0,0.0,76.16666666666667,15.0,5598.666666666667
job_h4,job,nsga2_typed,13506.5,1024.0,1024.0,1024.0,0.5690660978332858,998.75,1.0,0.16300445467697047,0.011644726891404132,0.00745792324748265,0.6875,0.0,23.083333333333332,28.0,0.011644726891404132,0.011644726891824534,0.007457923243760067,0.0,0.0,0.0,0.0,0.0
job_h4,job,random_residual,13506.5,1024.0,1024.0,1024.0,1.1182193514166177,996.6666666666666,1.0,0.13872168249422098,0.009475864869088616,0.005552694160236834,0.7261904761904763,0.0,23.166666666666668,28.0,0.009475864869088616,0.00947586486885765,0.005552694157952817,0.0,0.0,540.6666666666666,0.0,0.0
job_h4,job,raw_linear,13506.5,1024.0,1024.0,1024.0,1.3487417520000424,996.4166666666666,1.0,0.12803288460531723,0.010038813182679926,0.006347410748687359,0.7321428571428572,0.0,23.416666666666668,28.0,0.010038813182679926,0.010038813182477475,0.006347410747414717,0.0,0.0,33.416666666666664,15.0,5364.0
job_h4,job,scalar_linear,13506.5,1024.0,1024.0,1024.0,1.4507061298333308,1003.0,1.0,0.11641142437354501,0.0013885427819262956,0.0012320235453105708,0.8958333333333334,0.0,26.25,28.0,0.0013885427819262956,0.0013885427811382838,0.0012320235452511494,0.0,0.0,555.6666666666666,15.0,5575.666666666667
job_h4,job,unguarded_linear,13506.5,1024.0,1024.0,1024.0,1.5057031884166652,998.1666666666666,1.0,0.10811558905498962,0.002081742795348352,0.0017457054623730896,0.8184523809523809,0.0,23.833333333333332,28.0,0.002081742795348352,0.002081742799642738,0.0017457054627453953,0.0,0.0,56.75,15.0,5400.666666666667
rgv_h1,rgv,fast_v10,13506.5,1024.0,1024.0,1024.0,0.6781621043333151,1002.75,1.0,0.09290042864169844,0.002336972522016208,0.00062993130349245,0.8809523809523809,0.4166666666666667,6.583333333333333,7.0,0.002336972522016208,0.0023369725059018418,0.000629931300341,0.0,0.0,0.0,0.0,0.0
rgv_h1,rgv,guarded_linear,13506.5,1024.0,1024.0,1024.0,1.7478611975833473,1000.4166666666666,1.0,0.0780116903663545,0.003634604056450325,0.0008237046555991167,0.8452380952380952,0.08333333333333333,6.5,7.0,0.003634604056450325,0.003634604036739692,0.0008237046519806251,0.0,0.0,219.33333333333334,15.0,5210.0
rgv_h1,rgv,no_uncertainty_linear,13506.5,1024.0,1024.0,1024.0,1.692816557249974,1002.75,1.0,0.07879757144535804,0.002076060673844425,0.00049504950714285,0.8690476190476191,0.16666666666666666,6.5,7.0,0.002076060673844425,0.0020760606614140414,0.0004950495049504583,0.0,0.0,196.41666666666666,15.0,5403.833333333333
rgv_h1,rgv,nsga2_guarded,13506.5,1024.0,1024.0,1024.0,1.0711433110000712,1021.4166666666666,1.0,0.1019050066076828,0.00204778819902385,0.0005287690843658583,0.9166666666666666,0.5,6.916666666666667,7.0,0.00204778819902385,0.0020477881902855335,0.0005287690831670083,0.0,0.0,307.0,15.0,6620.083333333333
rgv_h1,rgv,nsga2_typed,13506.5,1024.0,1024.0,1024.0,0.4242332172499535,1016.75,1.0,0.11640206631381246,0.0046376963525265,0.0014933357495082414,0.7738095238095237,0.08333333333333333,6.5,7.0,0.0046376963525265,0.004637696333588533,0.0014933357453589334,0.0,0.0,0.0,0.0,0.0
rgv_h1,rgv,random_residual,13506.5,1024.0,1024.0,1024.0,1.2700872137499648,1003.6666666666666,1.0,0.08954868038168558,0.0024946243122860082,0.0006580760142857,0.8571428571428571,0.25,6.333333333333333,7.0,0.0024946243122860082,0.0024946242985525,0.0006580760116827584,0.0,0.0,521.3333333333334,0.0,0.0
rgv_h1,rgv,raw_linear,13506.5,1024.0,1024.0,1024.0,1.3730230064166637,1000.25,1.0,0.08312835231576982,0.0031330017290715413,0.0009193990249210166,0.8452380952380952,0.25,6.666666666666667,7.0,0.0031330017290715413,0.003133001717842892,0.0009193990226234249,0.0,0.0,119.41666666666667,15.0,5152.5
rgv_h1,rgv,scalar_linear,13506.5,1024.0,1024.0,1024.0,1.677016483999978,1004.0833333333334,1.0,0.08499103633351761,0.0024138324455083415,0.0006019182963495917,0.8690476190476191,0.16666666666666666,6.666666666666667,7.0,0.0024138324455083415,0.0024138324356917417,0.000601918294958825,0.0,0.0,513.0,15.0,5318.833333333333
rgv_h1,rgv,unguarded_linear,13506.5,1024.0,1024.0,1024.0,1.7523227405000057,1000.4166666666666,1.0,0.0780116903663545,0.003634604056450325,0.0008237046555991167,0.8452380952380952,0.08333333333333333,6.5,7.0,0.003634604056450325,0.003634604036739691,0.000823704651980625,0.0,0.0,219.33333333333334,15.0,5210.0
rgv_h2,rgv,fast_v10,13506.5,1024.0,1024.0,1024.0,0.7870256846666545,991.4166666666666,1.0,0.10541556080862348,0.0018531338288647918,0.000605214154999975,0.8666666666666667,0.4166666666666667,4.583333333333333,5.0,0.0018531338288647918,0.0018531338221302585,0.0006052141527001334,0.0,0.0,0.0,0.0,0.0
rgv_h2,rgv,guarded_linear,13506.5,1024.0,1024.0,1024.0,1.9776038806666634,979.9166666666666,1.0,0.0934062365745395,0.0012670902708932584,0.000418994414999975,0.9,0.5833333333333334,4.75,5.0,0.0012670902708932584,0.001267090266274375,0.00041899441340778333,0.0,0.0,197.16666666666666,15.0,4755.5
rgv_h2,rgv,no_uncertainty_linear,13506.5,1024.0,1024.0,1024.0,1.91637194883333,988.25,1.0,0.09334262861023175,0.0013014287605883834,0.0004189944149999916,0.9166666666666666,0.5833333333333334,4.666666666666667,5.0,0.0013014287605883834,0.001301428755875275,0.00041899441340778333,0.0,0.0,168.0,15.0,4847.833333333333
rgv_h2,rgv,nsga2_guarded,13506.5,1024.0,1024.0,1024.0,1.1999219143333828,1020.8333333333334,1.0,0.10548837476064264,0.0009202715236858082,0.00045799989999999164,0.8666666666666667,0.3333333333333333,4.416666666666667,5.0,0.0009202715236858082,0.0009202715213049332,0.0004579998993406417,0.0,0.0,299.8333333333333,15.0,6545.916666666667
rgv_h2,rgv,nsga2_typed,13506.5,1024.0,1024.0,1024.0,0.46086857108332424,1015.5,1.0,0.1211625675113367,0.0008788364129591508,0.00036790980999998335,0.9,0.5,4.75,5.0,0.0008788364129591508,0.0008788364105198178,0.00036790980925055836,0.0,0.0,0.0,0.0,0.0
rgv_h2,rgv,random_residual,13506.5,1024.0,1024.0,1024.0,1.3651503294166407,994.0,1.0,0.11009055975906595,0.0005517050682764,0.00018621973999998333,0.9500000000000001,0.75,4.916666666666667,5.0,0.0005517050682764,0.0005517050662549583,0.00018621973929234167,0.0,0.0,478.3333333333333,0.0,0.0
rgv_h2,rgv,raw_linear,13506.5,1024.0,1024.0,1024.0,1.6260313576666665,984.75,1.0,0.10341182164149788,0.0007153852026168501,0.00023277467499999163,0.9500000000000001,0.75,4.833333333333333,5.0,0.0007153852026168501,0.0007153852000193916,0.00023277467411543333,0.0,0.0,105.91666666666667,15.0,4786.333333333333
rgv_h2,rgv,scalar_linear,13506.5,1024.0,1024.0,1024.0,1.9352908174166525,987.9166666666666,1.0,0.09470075838808954,0.0008857041114759667,0.00032437465499998334,0.9166666666666666,0.6666666666666666,4.75,5.0,0.0008857041114759667,0.0008857041084400167,0.0003243746539835667,0.0,0.0,438.25,15.0,4705.333333333333
rgv_h2,rgv,unguarded_linear,13506.5,1024.0,1024.0,1024.0,1.9128473271666167,979.9166666666666,1.0,0.0934062365745395,0.0012670902708932584,0.000418994414999975,0.9,0.5833333333333334,4.75,5.0,0.0012670902708932584,0.001267090266274375,0.00041899441340778333,0.0,0.0,197.16666666666666,15.0,4755.5
rgv_h3,rgv,fast_v10,13506.5,1024.0,1024.0,1024.0,0.7819668454166239,991.25,1.0,0.12298370861541415,0.0,0.0,1.0,1.0,4.0,4.0,0.0,0.0,0.0,0.0,0.0,0.0,0.0,0.0
rgv_h3,rgv,guarded_linear,13506.5,1024.0,1024.0,1024.0,1.9087821706666734,985.9166666666666,1.0,0.09717984089338029,0.0,0.0,1.0,1.0,4.0,4.0,0.0,0.0,0.0,0.0,0.0,184.33333333333334,15.0,4758.333333333333
rgv_h3,rgv,no_uncertainty_linear,13506.5,1024.0,1024.0,1024.0,1.9076874558333354,982.3333333333334,1.0,0.09811434903701305,0.0,0.0,1.0,1.0,4.0,4.0,0.0,0.0,0.0,0.0,0.0,150.66666666666666,15.0,4754.75
rgv_h3,rgv,nsga2_guarded,13506.5,1024.0,1024.0,1024.0,1.2294968855000168,1018.9166666666666,1.0,0.13266890015891392,0.0002860739210771083,0.0003930817604166667,0.9791666666666666,0.9166666666666666,4.0,4.0,0.0002860739210771083,0.00028607392150130833,0.00039308176100628337,0.0,0.0,287.4166666666667,15.0,6374.416666666667
rgv_h3,rgv,nsga2_typed,13506.5,1024.0,1024.0,1024.0,0.46834539783336976,1012.5,1.0,0.15456097188330645,0.0,0.0,1.0,1.0,4.0,4.0,0.0,0.0,0.0,0.0,0.0,0.0,0.0,0.0
rgv_h3,rgv,random_residual,13506.5,1024.0,1024.0,1024.0,1.4355568032499946,996.25,1.0,0.1175769114957854,0.0002860739210771083,0.0003930817604166667,0.9791666666666666,0.9166666666666666,4.0,4.0,0.0002860739210771083,0.00028607392150130833,0.00039308176100628337,0.0,0.0,479.9166666666667,0.0,0.0
rgv_h3,rgv,raw_linear,13506.5,1024.0,1024.0,1024.0,1.5670565419166564,989.0,1.0,0.1112578564302089,0.0,0.0,1.0,1.0,4.0,4.0,0.0,0.0,0.0,0.0,0.0,196.83333333333334,15.0,4759.25
rgv_h3,rgv,scalar_linear,13506.5,1024.0,1024.0,1024.0,1.9789885807500127,985.1666666666666,1.0,0.1085083681829137,0.0,0.0,1.0,1.0,4.0,4.0,0.0,0.0,0.0,0.0,0.0,424.5,15.0,4637.333333333333
rgv_h3,rgv,unguarded_linear,13506.5,1024.0,1024.0,1024.0,1.886985955333273,985.9166666666666,1.0,0.09717984089338029,0.0,0.0,1.0,1.0,4.0,4.0,0.0,0.0,0.0,0.0,0.0,184.33333333333334,15.0,4758.333333333333
rgv_h4,rgv,fast_v10,13506.5,1024.0,1024.0,1024.0,0.6860887206666652,999.25,1.0,0.1079261980277289,0.006281421084930167,0.002129038277083283,0.8472222222222222,0.16666666666666666,10.416666666666666,12.0,0.006281421084930167,0.006281421081962384,0.0021290382749287414,0.0,0.0,0.0,0.0,0.0
rgv_h4,rgv,guarded_linear,13506.5,1024.0,1024.0,1024.0,1.617791663666651,999.5833333333334,1.0,0.10401869320017702,0.0051828879484490005,0.0025603218138888417,0.8194444444444445,0.3333333333333333,10.0,12.0,0.0051828879484490005,0.005182887944325624,0.0025603218099035413,0.0,0.0,215.58333333333334,15.0,5260.416666666667
rgv_h4,rgv,no_uncertainty_linear,13506.5,1024.0,1024.0,1024.0,1.8092859084999873,1001.9166666666666,1.0,0.1038172874918785,0.006886259382179709,0.0015804219685839583,0.875,0.3333333333333333,10.75,12.0,0.006886259382179709,0.006886259379318009,0.0015804219660375835,0.0,0.0,183.33333333333334,15.0,5249.666666666667
rgv_h4,rgv,nsga2_guarded,13506.5,1024.0,1024.0,1024.0,1.3405304567500214,1016.6666666666666,1.0,0.09998240817468919,0.0005496966175889666,0.0005576926631944084,0.9027777777777778,0.3333333333333333,11.083333333333334,12.0,0.0005496966175889666,0.00054969661658865,0.0005576926614252749,0.0,0.0,258.9166666666667,15.0,6158.583333333333
rgv_h4,rgv,nsga2_typed,13506.5,1024.0,1024.0,1024.0,0.5027405645833293,1010.6666666666666,1.0,0.10807166407252715,0.000956474025541925,0.0009408025729166166,0.9027777777777778,0.3333333333333333,11.0,12.0,0.000956474025541925,0.0009564740241876998,0.0009408025707874666,0.0,0.0,0.0,0.0,0.0
rgv_h4,rgv,random_residual,13506.5,1024.0,1024.0,1024.0,1.2347431123333006,1008.9166666666666,1.0,0.1062117074649672,0.004491180000756275,0.001031744536111075,0.875,0.3333333333333333,10.833333333333334,12.0,0.004491180000756275,0.004491179997373459,0.0010317445334783752,0.0,0.0,545.4166666666666,0.0,0.0
rgv_h4,rgv,raw_linear,13506.5,1024.0,1024.0,1024.0,1.3196172136666366,1001.75,1.0,0.10575608141441162,0.004726081649917041,0.001973565640972175,0.8541666666666666,0.25,10.583333333333334,12.0,0.004726081649917041,0.004726081646117391,0.001973565638112825,0.0,0.0,127.75,15.0,4095.5
rgv_h4,rgv,scalar_linear,13506.5,1024.0,1024.0,1024.0,1.6840460357499676,1003.0833333333334,1.0,0.10433366018031615,0.0020011556260590836,0.0017586348305554998,0.8541666666666666,0.25,10.5,12.0,0.0020011556260590836,0.002001155624368325,0.0017586348274195665,0.0,0.0,514.1666666666666,15.0,5226.833333333333
rgv_h4,rgv,unguarded_linear,13506.5,1024.0,1024.0,1024.0,1.7029163537499699,1000.0833333333334,1.0,0.10469748060076273,0.009168714034475375,0.00292309129999995,0.8055555555555555,0.25,9.833333333333334,12.0,0.009168714034475375,0.009168714028534823,0.00292309129580735,0.0,0.0,213.58333333333334,15.0,5307.0
tour_h1,tour,fast_v10,13506.5,1024.0,1024.0,1024.0,0.8062768911666657,978.75,1.0,0.12216193954030141,0.00038375570668196663,0.0004905672679824334,0.9342105263157895,0.3333333333333333,17.833333333333332,19.0,0.00038375570668196663,0.0003837557072746,0.0004905672687501667,0.0,0.0,0.0,0.0,0.0
tour_h1,tour,guarded_linear,13506.5,1024.0,1024.0,1024.0,1.85692962283332,984.0,1.0,0.10130519053083976,9.976277975836668e-05,0.00016187225745613334,0.9780701754385964,0.75,18.583333333333332,19.0,9.976277975836668e-05,9.976278032124168e-05,0.00016187225807202498,0.0,0.0,36.0,15.0,4685.333333333333
tour_h1,tour,no_uncertainty_linear,13506.5,1024.0,1024.0,1024.0,1.8722359425833208,983.0,1.0,0.10009237474131556,0.0002356631505024667,0.000361027757017525,0.9429824561403509,0.3333333333333333,17.916666666666668,19.0,0.0002356631505024667,0.00023566315187728334,0.00036102775831670835,0.0,0.0,27.416666666666668,15.0,4599.666666666667
tour_h1,tour,nsga2_guarded,13506.5,1024.0,1024.0,1024.0,1.5638813427499751,994.5833333333334,1.0,0.12910117433682075,0.00017874342284168333,0.00020395645438594167,0.9561403508771931,0.25,18.166666666666668,19.0,0.00017874342284168333,0.00017874342431718334,0.00020395645565645,0.0,0.0,61.333333333333336,15.0,5346.666666666667
tour_h1,tour,nsga2_typed,13506.5,1024.0,1024.0,1024.0,0.6285321770833056,995.0,1.0,0.16154128201978935,0.002387323655887175,0.0014808971789473252,0.8815789473684211,0.08333333333333333,17.25,19.0,0.002387323655887175,0.0023873236568851164,0.0014808971794792417,0.0,0.0,0.0,0.0,0.0
tour_h1,tour,random_residual,13506.5,1024.0,1024.0,1024.0,1.587406934833363,974.5833333333334,1.0,0.12582213383925625,0.0011590171239724667,0.0011082922724312417,0.8640350877192983,0.0,16.666666666666668,19.0,0.0011590171239724667,0.0011590171240347,0.0011082922732464082,0.0,0.0,429.0833333333333,0.0,0.0
tour_h1,tour,raw_linear,13506.5,1024.0,1024.0,1024.0,1.7214429124166486,978.5,1.0,0.11527032429272739,0.00032001870806156667,0.0005109751263157666,0.9210526315789473,0.16666666666666666,17.5,19.0,0.00032001870806156667,0.0003200187097707,0.0005109751279132167,0.0,0.0,26.083333333333332,15.0,4570.75
tour_h1,tour,scalar_linear,13506.5,1024.0,1024.0,1024.0,1.962911752166652,964.8333333333334,1.0,0.1143374734623737,0.00084192670369795,0.0005751177789473334,0.9385964912280702,0.3333333333333333,17.833333333333332,19.0,0.00084192670369795,0.0008419267020208667,0.000575117778347175,0.0,0.0,393.0,15.0,4177.583333333333
tour_h1,tour,unguarded_linear,13506.5,1024.0,1024.0,1024.0,1.8444891243333548,984.0,1.0,0.10130519053083976,9.976277975836668e-05,0.00016187225745613334,0.9780701754385964,0.75,18.583333333333332,19.0,9.976277975836668e-05,9.976278032124168e-05,0.00016187225807202498,0.0,0.0,36.0,15.0,4685.333333333333
tour_h2,tour,fast_v10,13506.5,1024.0,1024.0,1024.0,0.6024669919166475,997.0,1.0,0.13240169626739154,0.0008621507899447796,0.000647436161341275,0.9375,0.3333333333333333,19.166666666666668,20.0,0.0008621507899447796,0.0008621507917501392,0.000616605868523713,0.0,0.0,0.0,0.0,0.0
tour_h2,tour,guarded_linear,13506.5,1024.0,1024.0,1024.0,1.5547944919166525,1004.0,1.0,0.10022633922628305,0.0,0.0,1.0,1.0,20.0,20.0,0.0,0.0,2.6433881538694198e-18,0.0,0.0,35.0,15.0,5500.583333333333
tour_h2,tour,no_uncertainty_linear,13506.5,1024.0,1024.0,1024.0,1.5068068880833418,1003.5833333333334,1.0,0.10149675985981306,0.0,0.0,1.0,1.0,20.0,20.0,0.0,0.0,2.6433881538694198e-18,0.0,0.0,31.666666666666668,15.0,5524.583333333333
tour_h2,tour,nsga2_guarded,13506.5,1024.0,1024.0,1024.0,1.4981615684166627,999.5833333333334,1.0,0.12544277240944066,3.7000674678424997e-05,5.7684211666658334e-05,0.9916666666666667,0.8333333333333334,19.916666666666668,20.0,3.7000674678424997e-05,3.70006749609e-05,5.493734466363609e-05,0.0,0.0,64.16666666666667,15.0,5634.75
tour_h2,tour,nsga2_typed,13506.5,1024.0,1024.0,1024.0,0.5564616995833376,997.5833333333334,1.0,0.16492649546008242,0.0006100551224574905,0.000656959172753975,0.9125,0.25,18.416666666666668,20.0,0.0006100551224574905,0.0006100551236785013,0.0006256754018816082,0.0,0.0,0.0,0.0,0.0
tour_h2,tour,random_residual,13506.5,1024.0,1024.0,1024.0,1.1059420215000273,1003.0833333333334,1.0,0.13092304642594985,0.0006821249072819835,0.00034478753179546665,0.9833333333333334,0.6666666666666666,19.833333333333332,20.0,0.0006821249072819835,0.0006821249072976834,0.0003283690778159911,0.0,0.0,531.6666666666666,0.0,0.0
tour_h2,tour,raw_linear,13506.5,1024.0,1024.0,1024.0,1.338573131083346,999.1666666666666,1.0,0.12227824985606643,0.00015306521618742137,0.00011459960875,0.9625,0.5,19.25,20.0,0.00015306521618742137,0.0001530652172417141,0.00010914248484700516,0.0,0.0,25.333333333333332,15.0,5378.333333333333
tour_h2,tour,scalar_linear,13506.5,1024.0,1024.0,1024.0,1.470959246749942,1004.4166666666666,1.0,0.11380070589205371,0.0,0.0,1.0,1.0,20.0,20.0,0.0,0.0,2.6433881538694198e-18,0.0,0.0,542.4166666666666,15.0,5461.333333333333
tour_h2,tour,unguarded_linear,13506.5,1024.0,1024.0,1024.0,1.5732684653333042,1004.0,1.0,0.10022633922628305,0.0,0.0,1.0,1.0,20.0,20.0,0.0,0.0,2.6433881538694198e-18,0.0,0.0,35.0,15.0,5500.583333333333
tour_h3,tour,fast_v10,13506.5,1024.0,1024.0,1024.0,0.9371934086666632,957.5833333333334,1.0,0.09880624429734974,0.0006928503211709705,0.0004349614725353901,0.9362745098039215,0.08333333333333333,16.083333333333332,17.0,0.0006928503211709705,0.0006928503211545319,0.0004349614704644055,0.0,0.0,0.0,0.0,0.0
tour_h3,tour,guarded_linear,13506.5,1024.0,1024.0,1024.0,2.0229610349166856,960.5833333333334,1.0,0.08518939625283899,3.899160135149109e-06,2.5502426470588923e-05,0.9754901960784313,0.5833333333333334,16.583333333333332,17.0,3.899160135149109e-06,3.899159831762659e-06,2.550242473265043e-05,0.0,0.0,36.666666666666664,15.0,4283.833333333333
tour_h3,tour,no_uncertainty_linear,13506.5,1024.0,1024.0,1024.0,2.011952145249969,964.9166666666666,1.0,0.08710823369911025,7.798320270298218e-07,5.100485294117784e-06,0.9950980392156863,0.9166666666666666,16.916666666666668,17.0,7.798320270298218e-07,7.798319663525317e-07,5.100484946530085e-06,0.0,0.0,34.5,15.0,4379.416666666667
tour_h3,tour,nsga2_guarded,13506.5,1024.0,1024.0,1024.0,1.8035959062500335,977.0833333333334,1.0,0.10638139631171989,0.0,0.0,1.0,1.0,17.0,17.0,0.0,0.0,0.0,0.0,0.0,55.916666666666664,15.0,5004.25
tour_h3,tour,nsga2_typed,13506.5,1024.0,1024.0,1024.0,0.7122777495833551,981.5833333333334,1.0,0.13346045843036694,0.001957208414347525,0.0011743292239384583,0.926470588235294,0.16666666666666666,16.5,17.0,0.001957208414347525,0.0019572084136266835,0.0011743292240667333,0.0,0.0,0.0,0.0,0.0
tour_h3,tour,random_residual,13506.5,1024.0,1024.0,1024.0,1.624917098583315,960.75,1.0,0.10237416136055043,0.0013643273438128595,0.0008179477842728855,0.9411764705882352,0.3333333333333333,16.416666666666668,17.0,0.0013643273438128595,0.0013643273421211136,0.0008179477828624268,0.0,0.0,391.3333333333333,0.0,0.0
tour_h3,tour,raw_linear,13506.5,1024.0,1024.0,1024.0,1.9418189634999408,950.4166666666666,1.0,0.09317742889446408,0.0005639936170061061,0.0003420973666530284,0.9558823529411763,0.25,16.5,17.0,0.0005639936170061061,0.0005639936180243992,0.00034209736640765696,0.0,0.0,30.833333333333332,15.0,3962.0
tour_h3,tour,scalar_linear,13506.5,1024.0,1024.0,1024.0,2.2833318295833656,927.5,1.0,0.09384381870467699,0.0015034149800675085,0.0008386166348038584,0.9019607843137254,0.0,15.416666666666666,17.0,0.0015034149800675085,0.001503414982110775,0.0008386166340137916,0.0,0.0,300.9166666666667,15.0,3535.1666666666665
tour_h3,tour,unguarded_linear,13506.5,1024.0,1024.0,1024.0,1.9226543954166952,960.5833333333334,1.0,0.08518939625283899,3.899160135149109e-06,2.5502426470588923e-05,0.9754901960784313,0.5833333333333334,16.583333333333332,17.0,3.899160135149109e-06,3.899159831762659e-06,2.550242473265043e-05,0.0,0.0,36.666666666666664,15.0,4283.833333333333
tour_h4,tour,fast_v10,13506.5,1024.0,1024.0,1024.0,0.5970313516666769,1000.0833333333334,1.0,0.1271613651414861,0.007844134731150742,0.004543135767088541,0.8055555555555555,0.0,22.166666666666668,24.0,0.007844134731150742,0.007844134730211975,0.004361410336193867,0.0,0.0,0.0,0.0,0.0
tour_h4,tour,guarded_linear,13506.5,1024.0,1024.0,1024.0,1.5350237344166733,1005.3333333333334,1.0,0.1061097040458001,0.002868812970254306,0.0015311834699913054,0.9236111111111112,0.4166666666666667,23.5,24.0,0.002868812970254306,0.0028688129704927917,0.0014699361311665646,0.0,0.0,60.666666666666664,15.0,5697.833333333333
tour_h4,tour,no_uncertainty_linear,13506.5,1024.0,1024.0,1024.0,1.502000245083309,1006.8333333333334,1.0,0.10714486475495007,0.002334353983458122,0.00126236197635835,0.9340277777777778,0.5,23.5,24.0,0.002334353983458122,0.00233435398324405,0.0012118674971831388,0.0,0.0,49.5,15.0,5784.666666666667
tour_h4,tour,nsga2_guarded,13506.5,1024.0,1024.0,1024.0,1.4790366491667062,1006.25,1.0,0.12607768946315642,0.0036005704204733753,0.001998674376715972,0.8958333333333334,0.16666666666666666,23.166666666666668,24.0,0.0036005704204733753,0.00360057042007385,0.001918727401521851,0.0,0.0,73.0,15.0,5811.166666666667
tour_h4,tour,nsga2_typed,13506.5,1024.0,1024.0,1024.0,0.47714814574997416,1006.75,1.0,0.1628079641564632,0.008038097563170374,0.004884063568415183,0.7916666666666666,0.0,22.166666666666668,24.0,0.008038097563170374,0.008038097561388376,0.004688701024933125,0.0,0.0,0.0,0.0,0.0
tour_h4,tour,random_residual,13506.5,1024.0,1024.0,1024.0,1.0513141820833691,1009.5833333333334,1.0,0.13886340734238448,0.006377056348995158,0.003567142807229025,0.8055555555555555,0.0,22.25,24.0,0.006377056348995158,0.006377056347676851,0.003424457093849058,0.0,0.0,570.4166666666666,0.0,0.0
tour_h4,tour,raw_linear,13506.5,1024.0,1024.0,1024.0,1.2715549462499969,1001.5833333333334,1.0,0.12981543120826847,0.006089806920051225,0.003471050014298875,0.8263888888888888,0.0,22.833333333333332,24.0,0.006089806920051225,0.006089806917882975,0.003332208012944067,0.0,0.0,27.833333333333332,15.0,5594.166666666667
tour_h4,tour,scalar_linear,13506.5,1024.0,1024.0,1024.0,1.5397923433333365,1003.3333333333334,1.0,0.12475354169175086,0.003820114700716817,0.0020633982060815417,0.9027777777777778,0.3333333333333333,23.0,24.0,0.003820114700716817,0.0038201147000124333,0.0019808622776424176,0.0,0.0,545.4166666666666,15.0,5461.75
tour_h4,tour,unguarded_linear,13506.5,1024.0,1024.0,1024.0,1.5043615300832964,1005.3333333333334,1.0,0.1061097040458001,0.002868812970254306,0.0015311834699913056,0.9236111111111112,0.4166666666666667,23.5,24.0,0.002868812970254306,0.0028688129704927917,0.0014699361311665646,0.0,0.0,60.666666666666664,15.0,5697.833333333333
